:020000040800F2
:10000000C0250020AD020008D14D0008354600088B
:10001000CD4D00080D060008B55F00080000000087
:10002000000000000000000000000000ED010008DA
:10003000F906000800000000490200082D500008E1
:10004000C7020008C7020008C7020008C70200086C
:10005000C7020008C7020008C7020008C70200085C
:10006000C7020008C7020008C702000811060008FE
:10007000210600083106000841060008C7020008F2
:10008000C702000800000000C7020008C7020008FD
:10009000C7020008C7020008C7020008C70200081C
:1000A000C7020008C7020008C1500008C7020008C4
:1000B000C7020008C7020008C7020008C7020008FC
:1000C000C7020008C7020008C7020008C7020008EC
:1000D000C7020008C7020008955F0008A55F000876
:1000E000C7020008C7020008C7020008C7020008CC
:1000F000D1500008C7020008C70200080000000035
:1001000000000000C702000800000000C70200084D
:10011000C702000800000000C7020008C70200086C
:10012000C7020008C7020008C7020008C70200088B
:10013000C70200080000000000000000C70200081D
:10014000C7020008C702000800000000000000000D
:10015000000000000000000000000000000000009F
:10016000000000000000000000000000C7020008BE
:10017000C7020008000000000000000000000000AE
:1001800000000000C702000800000000000000009E
:10019000000000000000000000000000000000005F
:1001A0000000000000000000C7020008C7020008AD
:1001B000C7020008C7020008C702000800000000CC
:1001C00000000000C702000800000000000000005E
:1001D000C7020008C7020008DFF80CD000F0ECF8F6
:1001E0000048004751650008C02500202C4B1968C5
:1001F0000868B0E8F04F80F30988BFF36F8F4FF0C5
:10020000000080F311887047000000000848006873
:10021000006880F308884FF0000080F3148862B60D
:1002200061B6BFF34F8FBFF36F8F00DF00BF00BF1A
:1002300008ED00E0DFF80C00016841F47001016096
:10024000704700BF88ED00E0EFF30980BFF36F8FC8
:10025000134B1A681EF0100F08BF20ED108A20E91A
:10026000F04F106009B44FF0500080F31188BFF3D5
:100270004F8FBFF36F8F07F017FC4FF0000080F334
:10028000118809BC19680868B0E8F04F1EF0100F1B
:1002900008BFB0EC108A80F30988BFF36F8F7047F6
:1002A00058000020EFF305807047000006488047A3
:1002B00006480047FEE7FEE7FEE7FEE7FEE7FEE74B
:1002C000FEE7FEE7FEE7FEE7AD500008D9010008B3
:1002D0002DE9F05F0546002092469B46884606467B
:1002E000814640241BE0284641464746224600F00E
:1002F00053F853465A46C01A914110D31146184636
:10030000224600F03AF82D1A67EB01084F462246C4
:100310000120002100F031F817EB00094E41201EAA
:10032000A4F10104DFDC484631462A464346BDE8D5
:10033000F09F40EA01039B0703D009E008C9121FA0
:1003400008C0042AFAD203E011F8013B00F8013B8F
:10035000521EF9D27047D2B201E000F8012B491EBB
:10036000FBD270470022F6E710B513460A46044652
:100370001946FFF7F0FF204610BD202A04DB203A83
:1003800000FA02F1002070479140C2F1200320FAE8
:1003900003F3194390407047202A04DB203A21FAE6
:1003A00002F00021704721FA02F3D040C2F120028E
:1003B0009140084319467047064C074D06E0E06837
:1003C00040F0010394E8070098471034AC42F6D39C
:1003D000FFF706FFBC8E0008DC8E0008012920D143
:1003E000032815D004DC01280AD0022818D10BE01C
:1003F000042811D0552813D188220A4B1A600FE027
:100400008822094B1A600BE08822084B1A6007E02B
:100410008822074B1A6003E08822064B1A6000BF4F
:1004200000BF7047240000201400002018000020A6
:100430001C000020200000202DE9FC5F5E480078B1
:10044000002872D04FF000095C4890F80090C07806
:1004500001905A488778012F01D0BDE8FC9FB9F17F
:10046000010F72D155484078AA287FD153490879A5
:10047000C11700EB91718C10A2464FEA8A0006F07A
:1004800099F8054600200090834600BF20E08200D6
:10049000921D4A4B9B5C8200D21DDFF820C11CF8E4
:1004A000022043EA022200928200D21D63469B5C36
:1004B000820008321CF8022043EA022B009A4BEA21
:1004C000024100EE101A05EB800282ED000A401C8A
:1004D000A042DCDB052000EB8400801C374911F8CA
:1004E0000080062000EB8401344805F0EBFF06464F
:1004F000B0452CD1012F06D0022F0AD0032F0ED0E9
:10050000042F19D112E095ED000A2D4880ED000A64
:1005100012E095ED000A2B4880ED000A0CE095ED05
:10052000000A294880ED000A06E040E095ED000A47
:10053000264880ED000A00BF00BF00201E49087059
:100540003946019806F09AFF0CE016E00EE020A074
:1005500005F032FD4246314620A005F02DFD002079
:1005600015490870284605F0CBFF1FE023A005F0D1
:1005700023FD00201049087018E010480078032877
:1005800002D0042811D107E000200B490870394639
:100590000198FFF723FF08E00020074908700422B4
:1005A0001949019804F0DCFC00BF00BF00BF002027
:1005B0000149087000BF50E738000020C003002048
:1005C00004000020080000200C0000201000002083
:1005D0004352435F4552524F520A00006372635FB9
:1005E00063616C203A307825582020206372635F65
:1005F00046726D653A2030782558000048454144E0
:100600005F4552524F520A000000002000BFFEE733
:1006100010B5024801F0C0F810BD00001C05002014
:1006200010B5024801F0B8F810BD00007C050020AC
:1006300010B5024801F0B0F810BD0000DC05002044
:1006400010B5024801F0A8F810BD00003C060020DB
:1006500030B50E4D0468AC4201D20D4901E00C49A1
:1006600020310B460478083C1425B4FBF5F2446CA9
:10067000A40803EB84048464054C8034C46402F051
:100680001F050124AC40046530BD00000804024091
:100690000008024001794A1E064B03EB82024265C4
:1006A000044A403282654A1E02F01F0301229A402A
:1006B000C26570470009024030B5D0E913546C6040
:1006C000446D14B1D0E916546C6090F8444004F0C5
:1006D0001F050124AC40056C6C600468636084688D
:1006E000102C04D10468A2600468E16003E004688F
:1006F000A1600468E26030BD7047000007480068F0
:1007000040F08070054908600020054948600846AF
:10071000006840F00100086070470000FCED00E058
:10072000001000E072B600BFFEE7000010B51949E6
:1007300001640368D3F8803023F4F814838E44EA0C
:1007400003430468C4F8803001F170034364036814
:10075000D3F8803023F0706490F8383044EA0363B3
:100760000468C4F8803001F1B003836401F5C473F8
:10077000C36401F51873036501F51E7343650A46EA
:1007800002E000231360121D01F554739A42F8D35E
:1007900010BD000000A4004070B5044601F0CCFB81
:1007A00005462068006940F48030216808610BE04C
:1007B00001F0C2FB401BB0F5FA7F05D9606B40F039
:1007C00080006063012070BD2068006900F4803003
:1007D0000028EDD1606300BFF5E710B50446204660
:1007E00000F004F8204600F009F810BD0021C160B7
:1007F00041610182202180F833107047002181611E
:1008000001628183202180F8321070472DE9FC5F5E
:1008100005460C460020019000900027686900B151
:1008200000BFFE49E068884200D000E000BF00BF82
:1008300095F85800012802D10220BDE8FC9F012054
:1008400085F8580000BF686910B1206A01281ED1E0
:10085000606809284ED1A06A60B194F8280000F0C1
:100860007C002168C1F3846140EA4120E16A40EAEA
:10087000010703E02068C0F3846047022868C06C69
:10088000E749084038432968C8646F6632E0A86EBB
:1008900090B9216AA96600206866A06A50B1206AF2
:1008A000401E94F8281001F07C010843E16A40EAF8
:1008B000010701E0206A471E207900F01F01002097
:1008C000884087432068C0F38460217901F01F01CC
:1008D00088400743A86E401EA866686E3843686665
:1008E000A86E38B92868C06CCD490840696E0843C5
:1008F0002968C864286803F0B6FED8B994F82500C2
:1009000070B994F82600400594F8241040EA01508C
:100910002968C96821F4401108432968C86009E0C2
:100920002868C06820F4401094F8261040EA41502E
:100930002968C860286803F0AFFE8246286803F083
:1009400092FE8146BAF1000F7ED1B9F1000FFBD1C2
:10095000A06A08B1E06A88B994F82500012806D198
:100960002868C06840F000702968C86017E02868EF
:10097000C06820F000702968C86010E094F8250075
:10098000012806D1E86D40F02000E86501200190C3
:1009900005E02868C06820F000702968C86094F8F5
:1009A000300001280CD1606B40F00200A16B0843BD
:1009B0002968096921F4FF7108432968086105E085
:1009C0002868006920F0020029680861A068B0F179
:1009D000004F0AD121680022286803F076FE4FF00C
:1009E0000041286803F0ADFE08E0A268216828688D
:1009F00003F06BFE0021286803F0A3FE60692968FC
:100A0000C968C1F3C101490000FA01F8206904284E
:100A100040D028682268216900F1600C0CEB81034A
:100A2000D3F800C0DFF8FCB10CEA0B0C02F0F84B75
:100A30004BF0004B4BEA080B4CEA0B0CC3F800C020
:100A400000BF2868A26900E0CCE0216900F1600CD9
:100A50000CEB8103D3F800C02CF0807C4CEA020C34
:100A6000C3F800C000BF2868227F2169012A01D194
:100A7000520600E00022134600F1600C0CEB8102EC
:100A8000D2F800C02CF0007C4CEA030CC2F800C085
:100A900000BFA7E00021286803F0D7FDC0F31200D3
:100AA00030B90021286803F0D0FDC0F3846007E06E
:100AB0000021286803F0C9FD90FAA0F0B0FA80F098
:100AC0002168C1F3120119B92168C1F3846104E0FE
:100AD000216891FAA1F1B1FA81F1884204D1002292
:100AE0001146286803F01CFE0121286803F0ADFDC3
:100AF000C0F3120030B90121286803F0A6FDC0F34D
:100B0000846007E00121286803F09FFD90FAA0F0BF
:100B1000B0FA80F02168C1F3120119B92168C1F35C
:100B2000846104E0216891FAA1F1B1FA81F188426F
:100B300004D100220121286803F0F2FD0221286877
:100B400003F083FDC0F3120030B90221286803F0DE
:100B50007CFDC0F3846007E00221286803F075FD86
:100B600090FAA0F0B0FA80F02168C1F3120119B92F
:100B70002168C1F3846104E0216891FAA1F1B1FA1E
:100B800081F1884204D100220221286803F0C8FDC7
:100B90000321286803F059FDC0F3120030B9032186
:100BA000286803F052FDC0F3846007E00321286841
:100BB00003F04BFD90FAA0F0B0FA80F02168C1F389
:100BC000120119B92168C1F3846104E0216891FA26
:100BD000A1F1B1FA81F1884204D1002203212868F1
:100BE00003F09EFD286803F048FD002873D12868B3
:100BF000E2682168D0F8B030C1F3120C23EA0C038C
:100C000002F0180BDFF820C02CFA0BFC0CEA010CE8
:100C100043EA0C03C0F8B03000BF07E000007F409B
:100C20000040100400F0FF03FFFF07007849E06870
:100C3000884250D12368C3F312031BB92368C3F35E
:100C4000846304E0236893FAA3F3B3FA83F35B1C91
:100C500003F01F03092B3FD82368C3F312031BB90A
:100C60002368C3F3846304E0236893FAA3F3B3FA1D
:100C700083F35B1C03F01F034FF0010C0CFA03FC21
:100C80002368C3F312031BB92368C3F3846304E02E
:100C9000236893FAA3F3B3FA83F35B1C03F01F03F7
:100CA0004CEA836C2368C3F312031BB92368C3F3B4
:100CB000846304E0236893FAA3F3B3FA83F35B1C21
:100CC00003F01F0303EB43034FF0000B4BEA035306
:100CD0004CEA03033FE043E02368C3F312031BB96C
:100CE0002368C3F3846304E0236893FAA3F3B3FA9D
:100CF00083F35B1C03F01F034FF0010C0CFA03FCA1
:100D00002368C3F312031BB92368C3F3846304E0AD
:100D1000236893FAA3F3B3FA83F35B1C03F01F0376
:100D20004CEA836C2368C3F312031BB92368C3F333
:100D3000846304E0236893FAA3F3B3FA83F35B1CA0
:100D400003F01F030A3B03EB43034FF0007B4BEA26
:100D500003534CEA03031946A268286803F0B5FC64
:100D60002C492068084050B300BF2B48806800F031
:100D7000E07600BF29492068884203D028492068CE
:100D800088421DD106F40000D0B92868B0F1A04F08
:100D900037D146F40001204803F0B1FC2148006837
:100DA0002149B0FBF1F0801C00EB40008000009076
:100DB00002E00098401E009000980028F9D120E041
:100DC0001A49206888420CD106F0807048B9184949
:100DD0002868884215D046F080710F4803F08FFCD8
:100DE0000FE01449206888420BD106F4800040B916
:100DF0000F492868884204D046F48001064803F071
:100E00007EFC00BF002085F8580000BF019814E563
:100E100000007F400000088000030050000021C354
:100E20001000C09054000020400D0300000052C785
:100E300000010050000084CB2DE9F84F05460C4618
:100E40004FF0000A00200090FE49E068884200D080
:100E500000E000BF00BF95F85800012802D1022031
:100E6000BDE8F88F012085F8580000BF286803F01E
:100E70000EFC00287DD12968D4E9002001F1300C56
:100E8000C0F3012B0CEB8B03D3F800C000F01F0E56
:100E90004FF01F0B0BFA0EFB2CEA0B0C00F01F0B94
:100EA000C2F3846E0EFA0BFE4CEA0E0CC3F800C0BF
:100EB00000BF286803F0EBFB8146286803F0CEFBF7
:100EC0008046B9F1000F64D1B8F1000FFBD1A068E2
:100ED000B0F1004F0AD121680022286803F0E1FB3D
:100EE0004FF00041286803F026FC08E0A268216862
:100EF000286803F0D6FB0021286803F01CFC606919
:100F00002968C968C1F3C101490000FA01F72069E5
:100F100004283FD028682268216900F1600C0CEB9E
:100F20008103D3F800C0DFF820B30CEA0B0C02F009
:100F3000F84B4BF0004B4BEA070B4CEA0B0CC3F899
:100F400000C000BF2868A269216900F1600C0CEBA9
:100F50008103D3F800C02CF0807C4CEA020CC3F86B
:100F600000C000BF2868227F2169012A02D15206F1
:100F700001E0C6E10022134600F1600C0CEB810297
:100F8000D2F800C02CF0007C4CEA030CC2F800C080
:100F900000BFA7E00021286803F04EFBC0F3120059
:100FA00030B90021286803F047FBC0F3846007E0F4
:100FB0000021286803F040FB90FAA0F0B0FA80F01E
:100FC0002168C1F3120119B92168C1F3846104E0F9
:100FD000216891FAA1F1B1FA81F1884204D100228D
:100FE0001146286803F091FB0121286803F024FBD7
:100FF000C0F3120030B90121286803F01DFBC0F3D3
:10100000846007E00121286803F016FB90FAA0F045
:10101000B0FA80F02168C1F3120119B92168C1F357
:10102000846104E0216891FAA1F1B1FA81F188426A
:1010300004D100220121286803F067FB02212868FF
:1010400003F0FAFAC0F3120030B90221286803F065
:10105000F3FAC0F3846007E00221286803F0ECFA99
:1010600090FAA0F0B0FA80F02168C1F3120119B92A
:101070002168C1F3846104E0216891FAA1F1B1FA19
:1010800081F1884204D100220221286803F03DFB4F
:101090000321286803F0D0FAC0F3120030B903210D
:1010A000286803F0C9FAC0F3846007E003212868C8
:1010B00003F0C2FA90FAA0F0B0FA80F02168C1F310
:1010C000120119B92168C1F3846104E0216891FA21
:1010D000A1F1B1FA81F1884204D1002203212868EC
:1010E00003F013FB286803F0C3FA002872D12868C4
:1010F000E2682168D0F8B030C1F3120C23EA0C0387
:1011000002F0180BDFF844C12CFA0BFC0CEA010CBE
:1011100043EA0C03C0F8B03000BF4A49E068884297
:1011200058D12368C3F312031BB92368C3F3846344
:1011300004E0236893FAA3F3B3FA83F35B1C03F090
:101140001F03092B3ED82368C3F312031BB923687E
:10115000C3F3846304E0236893FAA3F3B3FA83F33D
:101160005B1C03F01F034FF0010C0CFA03FC236817
:10117000C3F312031BB92368C3F3846304E0236839
:1011800093FAA3F3B3FA83F35B1C03F01F034CEA57
:10119000836C2368C3F312031BB92368C3F384630E
:1011A00004E0236893FAA3F3B3FA83F35B1C03F020
:1011B0001F0303EB43034FF0000B4BEA03534CEACE
:1011C000030347E02368C3F3120323B92368C3F37F
:1011D000846305E043E0236893FAA3F3B3FA83F34F
:1011E0005B1C03F01F034FF0010C0CFA03FC236897
:1011F000C3F312031BB92368C3F3846304E02368B9
:1012000093FAA3F3B3FA83F35B1C03F01F034CEAD6
:10121000836C2368C3F312031BB92368C3F384638D
:1012200004E0236893FAA3F3B3FA83F35B1C03F09F
:101230001F030A3B03EB43034FF0007B4BEA0353CE
:1012400006E0000000007F4000F0FF03FFFF070002
:101250004CEA03031946A268286803F022FA2F49D2
:101260002068084050B300BF2D48806800F0E07649
:1012700000BF2C492068884203D02B49206888424F
:101280001DD106F40000D0B92868B0F1A04F3ED1BE
:1012900046F40001224803F02CFA2448006824494F
:1012A000B0FBF1F0401C00EB40008000009002E039
:1012B0000098401E009000980028F9D127E01D49B1
:1012C000206888420CD106F0807048B91A49286815
:1012D00088421CD046F08071114803F00AFA16E0EB
:1012E00016492068884212D106F4800078B9124964
:1012F000286888420BD046F48001094803F0F9F9C8
:1013000005E0E86D40F02000E8654FF0010A00BFFD
:10131000002085F8580000BF5046A1E50000088075
:1013200000030050000021C31000C09054000020B2
:10133000400D0300000052C700010050000084CBA4
:101340002DE9F84304464FF000080020009014B93E
:101350000120BDE8F883606920B194F824000128D9
:1013600000D100BFE06D30B9204600F017F9002031
:10137000206684F8580020688168C1F3407131B15B
:10138000206881687E4A1140816000BF00BF2068EC
:1013900003F078F9B0B9206881687A4A114041F0C9
:1013A0008051816000BF784800687849B0FBF1F057
:1013B000401C4000009002E00098401E0090009801
:1013C0000028F9D1206803F05DF948B9E06D40F0DC
:1013D0001000E065206E40F0010020664FF001082B
:1013E000206803F054F90646E06D00F01000002874
:1013F00077D1002EFCD1E06D20F4807040F0020027
:10140000E065206803F034F9B0B94FF0A04003F074
:101410002FF981465E4803F02BF949EA0009B9F13A
:10142000000F09D160685B49896821F47C11014390
:10143000584A916000BF00BF607FE16B41EA4030D5
:10144000E1680843A168084394F8241040EA014584
:1014500094F82400012803D1208D401E45EA404520
:10146000E06A28B1A08D00F47870216B0843054331
:101470002068C0684849084028432168C86020683F
:10148000006920F04060616B0843216808612068B2
:1014900003F0E4F80746002E50D1EFBB207F002177
:1014A00041EA803194F8380041EA40052068C0687C
:1014B00044F20201884328432168C860206988B14A
:1014C0002068006940F48030216808612068D0F805
:1014D000C0006FF30D00216908432168C1F8C00006
:1014E0000EE045E02068006920F480302168086142
:1014F0002068D0F8C0006FF30D002168C1F8C0006B
:1015000094F84000012813D1606C40F00101A06CF8
:101510000843E16C084300E010E0216D08432168B6
:10152000096940F2FC72914308432168086105E0B3
:101530002068006920F001002168086160690128C5
:1015400009D12068006B20F00F00216A491E084372
:101550002168086305E02068006B20F00F00216817
:101560000863E06D20F0020040F00100E06505E056
:10157000E06D40F01000E0654FF001084046E8E6FD
:10158000C0FFFF5FC0FFFF7F54000020400D03003D
:1015900000010050000300500740F0FF10B598B064
:1015A0000446142113A8FEF7DDFE442102A8FEF72D
:1015B000D9FE1A49206888422ED1C00102908003CA
:1015C000119002A800F0A0FF08B1FFF7ABF800BF30
:1015D0001348C06C40F400501149C8640846C06C00
:1015E00000F40050019000BF00BF00BF0846C06C6F
:1015F00040F00100C8640846C06C00F00100019092
:1016000000BF00BF0320139014900020159013A971
:101610004FF0904000F0A4FB18B010BD0001005046
:101620000010024010B504460CB9012010BD94F81A
:10163000210028B9002084F82000204600F00CF892
:10164000002060626060A060E06020616061012055
:1016500084F821000020E9E708B5094A01689142B1
:101660000DD100BF0749896C41F00801054A91641A
:101670001146896C01F00801009100BF00BF08BD50
:10168000000C0240001002400146002091F8252085
:10169000022A03D00422CA63012027E00A681268E4
:1016A00022F00E020B681A608A6C126822F48072B3
:1016B0008B6C1A600A68126822F001020B681A60CB
:1016C00091F8442002F01F0301229A400B6C5A60EB
:1016D000D1E913325A604A6D42B14A6D126822F460
:1016E00080724B6D1A60D1E916325A60012281F87E
:1016F000252000BF002281F8242000BF704770B56C
:101700000446002594F8250002280BD00420E0634D
:10171000012084F8250000BF002084F8240000BFC9
:10172000012534E02068006820F00E002168086080
:101730002068006820F0010021680860A06C006843
:1017400020F48070A16C086094F8440000F01F0140
:1017500001208840216C4860D4E913104860606D16
:1017600040B1606D006820F48070616D0860D4E95C
:1017700016104860012084F8250000BF002084F87E
:10178000240000BFA06B10B12046A16B88472846FB
:1017900070BD0146C86B704770B50446206C056883
:1017A0002068066894F8440000F01F010420884077
:1017B0002840E0B106F00400C8B12068006800F0DD
:1017C000200028B92068006820F004002168086023
:1017D00094F8440000F01F0104208840216C486008
:1017E000206B002856D02046216B884752E094F8A1
:1017F000440000F01F0102208840284018B306F082
:10180000020000B32068006800F0200040B92068A2
:10181000006820F00A0021680860012084F8250093
:1018200094F8440000F01F0102208840216C4860B9
:1018300000BF002084F8240000BFE06A50B32046B7
:10184000E16A884726E094F8440000F01F01082070
:1018500088402840F0B106F00800D8B12068006840
:1018600020F00E002168086094F8440000F01F0189
:1018700001208840216C48600120E06384F8250045
:1018800000BF002084F8240000BF606B10B1204628
:10189000616B884770BD000070B504460CB901202B
:1018A00070BD2F49206888420BD22E492068401A0B
:1018B0001421B0FBF1F0800060642A4808382064ED
:1018C0000AE027492068401A1421B0FBF1F080009B
:1018D0006064234808382064022084F825002068CA
:1018E000056847F6F0708543D4E902010843216991
:1018F000084361690843A1690843E1690843216A13
:1019000008430543206805602046FEF7A1FEA06855
:10191000B0F5804F01D1002060602079A16C086093
:10192000D4E913104860606860B16068042809D881
:101930002046FEF7AFFE0020616D0860D4E9161066
:10194000486003E000206065A065E0650020E0637A
:10195000012084F82500002084F8240000BF9FE7C0
:1019600008040240080002402DE9F04104460D46FB
:1019700016461F464FF0000800BF94F824000128C7
:1019800002D10220BDE8F081012084F8240000BFCC
:1019900094F8250001283FD1022084F8250000207A
:1019A000E0632068006820F00100216808603B4681
:1019B000324629462046FEF77FFE206B30B1206874
:1019C000006840F00E00216808600BE020680068A5
:1019D00020F00400216808602068006840F00A00D8
:1019E00021680860A06C006800F4803028B1A06C09
:1019F000006840F48070A16C0860606D28B1606D73
:101A0000006840F48070616D08602068006840F0F4
:101A100001002168086006E000BF002084F824006F
:101A200000BF4FF002084046ACE7000070B5044626
:101A30000CB9012070BD81492068884200D100BFE7
:101A4000A068B0F5407F00D100BF94F85C0028B9D1
:101A5000002084F85D00204600F0F4F820688069DA
:101A600020F010002168886100F066FA05460DE05C
:101A700000F062FA401B0A2808D9206E40F00100ED
:101A80002066032084F85C000120D3E72068806989
:101A900000F008000828EBD02068806940F00100C1
:101AA0002168886100F048FA05460DE000F044FA2C
:101AB000401B0A2808D9206E40F001002066032050
:101AC00084F85C000120B5E72068806900F001001F
:101AD0000028EBD02068806940F00200216888610E
:101AE00056492068884202D1554960680860207CC8
:101AF000012806D12068806920F0400021688861B3
:101B000005E02068806940F0400021688861607CC1
:101B1000012806D12068806940F4804021688861EE
:101B200005E02068806920F4804021688861A07CFD
:101B3000012806D12068806920F4805021688861DE
:101B400005E02068806940F4805021688861206841
:101B5000806920F44070A16808432168886120688A
:101B6000806920F0A400216888612068006920F065
:101B7000100021680861E068012806D120688069AA
:101B800040F004002168886120E0E068F0B1E0687E
:101B9000022815D02068806940F0800021688861A3
:101BA0002068006940F0100021680861E06803289F
:101BB0000CD12068806940F020002168886105E030
:101BC0002068806940F0200021688861207E401EE6
:101BD0004106E069401E41EA0020216A491E08438F
:101BE000A18A491E40EA01402168C861A068B0F599
:101BF000407F0FD1A06A401EE16A491E40EA0121E0
:101C0000206B401E41EA0011A08C401E41EA0040BA
:101C10002168C8602068D0F8C000E16B08432168E3
:101C2000C1F8C0002046FEF781FD0020A0652066B7
:101C3000012084F85C000020FCE600000064004005
:101C40000065004010B598B00446142113A8FEF7B3
:101C500089FB442102A8FEF785FB1C4920688842C5
:101C600032D18014029040030E9002A800F04CFC88
:101C700008B1FEF757FD00BF1548806D40F00070B9
:101C8000134988650846806D00F00070019000BF20
:101C900000BF00BF0846C06C40F00100C8640846A1
:101CA000C06C00F00100019000BF00BF4FF4C050B5
:101CB0001390022014900020159016900920179080
:101CC00013A9C00600F04CF818B010BD0064004025
:101CD0000010024070B504460CB9012070BD94F8A4
:101CE000310028B9002084F83000204600F020F8A8
:101CF000002060602046FEF770FD2046FEF74CFD98
:101D0000012808D1606B40F010006063A02084F8C7
:101D10003100012505E000206063202084F83100B7
:101D2000002500BF002084F8300000BF2846D5E71A
:101D300008B5094A016891420DD100BF0749896C75
:101D400041F01001054A91641146896C01F01001BF
:101D5000009100BF00BF08BD001402400010024007
:101D600078B502460B460021CAE001268E401D6868
:101D700005EA0604002C73D01D7905F00305012D3A
:101D800004D01D7905F00305022D13D190684E0093
:101D90000325B540A8434E00DD68B5402843906058
:101DA000506801258D40A8431D79C5F300158D406D
:101DB000284350601D7905F00305032D09D0D06834
:101DC0004E000325B540A8434E009D68B54028430A
:101DD000D0601D7905F00305022D13D1CE0802F164
:101DE000200555F826004D07EE0E0F25B540A843F7
:101DF0004E07F60E1D69B5402843CE0802F12005B6
:101E000045F8260010684E000325B540A8431D790B
:101E100005F003054E00B540284310605D6805F4E9
:101E20004035002D6BD000BF384D2D6E45F00105BB
:101E3000364E356635462D6E05F00105009500BF1E
:101E400000BF4FEAB6358E0855F826008D072E0FD5
:101E50000F25B540A843B2F1904F02D100251AE0FA
:101E60004DE02B4DAA4201D1012514E0294DAA4293
:101E700001D102250FE0284DAA4201D103250AE035
:101E8000264DAA4201D1042505E0254DAA4201D1E3
:101E9000052500E006258E07360FB5402843214D65
:101EA0008E0845F82600204D2868A0435D6805F49B
:101EB000801505B120431C4D28602D1D2868A043C6
:101EC0005D6805F4001505B12043174D2D1D2860F0
:101ED000154D2D1F2868A0435D6805F4003505B138
:101EE0002043114D2D1F28602D1F2868A0435D68D9
:101EF00005F4803505B120430B4D083D2860491C91
:101F00001D68CD40002D7FF430AF78BD0010024039
:101F10000004004800080048000C00480010004879
:101F20000014004808000140080401400AB1816122
:101F300000E08162704700000148006870470000BF
:101F400048000020024692F8410020282DD100BF11
:101F500092F84000012801D102207047012082F848
:101F6000400000BF242082F841001068006820F083
:101F70000100136818601068006820F4805013682E
:101F800018601068006808431368186010680068DB
:101F900040F0010013681860202082F8410000BF63
:101FA000002082F8400000BFD7E70220D5E710B537
:101FB00002460B4692F8410020282AD100BF92F831
:101FC0004000012801D1022010BD012082F840000C
:101FD00000BF242082F841001068006820F0010052
:101FE000146820601068016821F4706141EA0321DF
:101FF000106801601068006840F0010014682060FB
:10200000202082F8410000BF002082F8400000BF7D
:10201000DAE70220D8E7000008B500BF0949096ED9
:1020200041F00101074A11661146096E01F00101F4
:10203000009100BF00BF044949680143024A516052
:1020400008BD0000001002400000014010B5044629
:102050000CB9012010BD94F8410028B9002084F883
:102060004000204600F05EF8242084F841002068FB
:10207000006820F0010021680860606820F070604E
:10208000216808612068806820F400402168886029
:10209000E068012805D1A06840F40040216888600C
:1020A00004E0A06840F4044021688860E0680228E9
:1020B00006D12068406840F400602168486005E06F
:1020C0002068406820F4006021684860206840680B
:1020D00013490843216848602068C06820F4004024
:1020E0002168C860D4E904010843A16940EA0120DD
:1020F0002168C860D4E907010843216808602068A6
:10210000006840F001002168086000206064202021
:1021100084F841000020206384F8420000BF99E762
:102120000080000210B598B00446142113A8FEF7F1
:1021300019F9442102A8FEF715F92A4920688842B6
:102140004ED1402002900020089002A800F0DCF957
:1021500008B1FEF7E7FA00BF2348C06C40F0010069
:102160002149C8640846C06C00F00100019000BF1E
:1021700000BF00BF0846C06C40F00200C8640846BB
:10218000C06C00F00200019000BF00BF4FF400409F
:102190001390122014900020159016900420179090
:1021A00013A94FF09040FFF7DBFD80201390122021
:1021B00014900020159016900420179013A90B4836
:1021C000FFF7CEFD00BF0848806D40F400100649BF
:1021D00088650846806D00F40010019000BF00BFC4
:1021E00018B010BD00540040001002400004004828
:1021F00003480068034909680844014908607047BA
:10220000480000205000002010B50024032000F0FA
:10221000D1F80F2000F008F808B1012401E000F027
:1022200051F8204610BD0000F0B587B004460026E6
:10223000002700BF1E48006E40F400501C4908668D
:102240000846006E00F40050009000BF00BF01A9D6
:1022500002A800F023FC00F05BFC06461548B6FB24
:10226000F0F0471E14481549086040F2E731134862
:10227000C160476000210161816001F0DEF8054620
:1022800095B90E4801F06EF905466DB92C2000F0A5
:102290003FF8102C07D2002221462C2000F04CF8E9
:1022A0000748046000E00125284607B0F0BD0000A3
:1022B0000010024040420F00003401409C06002004
:1022C0004C00002008B500BF1048006E40F001002F
:1022D0000E4908660846006E00F00100009000BF3D
:1022E00000BF00BF0846806D40F0805088650846FA
:1022F000806D00F08050009000BF00BF00220F21D1
:10230000901E00F019F800F0F5F808BD001002402A
:102310000146084600280DDB00BF00BF00F01F0388
:1023200001229A4043099B0003F1E023C3F80021F6
:1023300000BF00BF00BF70472DE9F05F80460D462B
:10234000164603F049FE074639462A46334601F051
:102350000700C0F1070ABAF1040F02D94FF0040ACE
:1023600001E0C0F1070AD14600F1040ABAF1070FF3
:1023700002D24FF0000A01E0A0F1030AD4464FF068
:10238000010A0AFA09FAAAF1010A0AEA020A0AFA91
:102390000CFA4FF0010B0BFA0CFBABF1010B0BEA43
:1023A000030B4AEA0B042146404603F01DFEBDE83C
:1023B000F09F000000BF00F00702064B19684FF6BF
:1023C000FF031940044B0B4343EA0221014B196000
:1023D00000BF70470CED00E00000FA0502468ABB22
:1023E0004148006800F4C060B0F5806F2BD13E48D2
:1023F0008030006820F480703B4BC3F880001846A2
:10240000006820F4C06040F400701860374800682D
:1024100032235843364BB0FBF3F0411C00E0491E19
:102420003148406900F48060B0F5806F01D1002927
:10243000F5D12D48406900F48060B0F5806F51D12E
:102440000320704708E028488030006820F480703E
:10245000254BC3F8800045E0B2F5007F3AD1224811
:10246000006800F4C060B0F5806F2AD11E4880304B
:10247000006840F480701C4BC3F880001846006868
:1024800020F4C06040F400701860184800683223DF
:102490005843174BB0FBF3F0411C00E0491E1248B3
:1024A000406900F48060B0F5806F01D10029F5D15A
:1024B0000D48406900F48060B0F5806F12D10320B0
:1024C000BFE709488030006840F48070064BC3F8CD
:1024D000800007E00448006820F4C06040F4806099
:1024E000014B18600020ACE7007000405400002051
:1024F00040420F000348806840F4804001498860F2
:1025000070470000007000402DE9F84304460027A2
:10251000B846206800F40020B0F5002F73D1B9460A
:10252000D348806D00F0805078B900BFD048806DEE
:1025300040F08050CE4988650846806D00F080509C
:10254000009000BF00BF4FF00109CA48006840F486
:102550008070C8490860FFF7EFFC064606E0FFF709
:10256000EBFC801B022801D9032705E0C148006865
:1025700000F480700028F2D000BF002F46D1BC4884
:102580009030006800F44075CDB1206CA84216D0A0
:10259000B7489030006820F44075B548D0F89000F6
:1025A00040F48030B249C1F890000846D0F890005D
:1025B00020F48030C1F890000846C0F8905005F033
:1025C0000100A0B1FFF7B8FC064608E0FFF7B4FC35
:1025D000801B41F28831884201D9032706E0A448D4
:1025E0009030006800F002000028EFD000BF5FB913
:1025F0009F489030006820F44070216C08439C494B
:10260000C1F8900003E00CE0B84600E0B846B9F12C
:10261000010F05D19648806D20F08050944988655F
:1026200000BF207800F0010048B191488830006870
:1026300020F00300616808438D49C1F888002078C4
:1026400000F00200022809D189488830006820F093
:102650000C00A16808438649C1F88800207800F082
:102660000400042809D182488830006820F0300036
:10267000E16808437E49C1F88800207800F008002E
:10268000082809D17A488830006820F0C000216904
:1026900008437749C1F88800207800F020002028FE
:1026A00009D173488830006820F4406061690843AC
:1026B0006F49C1F88800207800F04000402809D117
:1026C0006B488830006820F44050A169084368498D
:1026D000C1F88800207800F08000802809D1644883
:1026E0008830006820F44040E16908436049C1F83F
:1026F0008800208800F48070B0F5807F09D15C48A4
:102700008830006820F44030216A08435849C1F8F5
:102710008800208800F40070B0F5007F09D154488B
:102720008830006820F44020616A08435049C1F8AD
:102730008800208800F48060B0F5806F13D14C4889
:102740008830006820F44010A16A08434849883165
:102750000860A06AB0F5801F05D14548C06840F404
:1027600080104349C860208800F40060B0F5006F15
:1027700013D13F488830006820F44000E16A0843E4
:102780003B4988310860E06AB0F5800F05D13848D0
:10279000C06840F480103649C860208800F480503A
:1027A000B0F5805F13D132488830006820F0407067
:1027B000216B08432E4988310860206BB0F1807F7F
:1027C00005D12B48C06840F480102949C860208892
:1027D00000F40050B0F5005F13D125488830006840
:1027E00020F04060616B0843214988310860606BCC
:1027F000B0F1006F05D11E48C06840F480101C493C
:10280000C860208800F48040B0F5804F13D118488C
:102810008830006820F04060A16B0843144988317B
:102820000860A06BB0F1006F05D11148C06840F49A
:1028300080100F49C860208800F40040B0F5004FB8
:1028400013D10B488830006820F04050E16B0843FA
:10285000074988310860E06BB0F1805F05D104481A
:10286000C06840F480300249C8604046BDE8F88343
:1028700000100240007000402DE9F04104460D4672
:102880004FF0000814B90120BDE8F0817D480068D0
:1028900000F00F00A8420ED27A48006820F00F0026
:1028A0002843784908600846006800F00F00A842F5
:1028B00001D00120E8E7207800F00100002864D072
:1028C0006068032823D17048006800F0007008B9E0
:1028D0000120D9E702F07EFA06466C48864237D9D5
:1028E0006948806800F0F00030B1207800F0020004
:1028F00002282DD1A06858BB6348806820F0F00002
:1029000040F08000604988604FF0800820E06068F7
:10291000022806D15C48006800F4003040B901206C
:10292000B2E75948006800F4806008B90120ABE7BD
:1029300000F000F906465548864209D95248806899
:1029400020F0F00040F080004F4988604FF0800890
:102950004D48806820F00300616808434A49886058
:10296000FFF7EAFA074608E0FFF7E6FAC01B41F274
:102970008831884201D9032086E74348806800F007
:102980000C006168B0EB810FEED1207800F00200FE
:10299000022820D1207800F00400042805D13A480C
:1029A000806840F4E06038498860207800F00800D2
:1029B000082807D13448806820F4605040F4E06073
:1029C000314988603048806820F0F000A1680843F1
:1029D0002D49886008E0B8F1800F05D12A48806849
:1029E00020F0F000284988602648006800F00F00B9
:1029F000A84219D92348006820F00F002843214934
:102A00000860FFF799FA074608E0FFF795FAC01B40
:102A100041F28831884201D9032035E7194800681E
:102A200000F00F00A842F0D1207800F00400042844
:102A300007D11548806820F4E060E1680843124936
:102A40008860207800F00800082808D10E488068C7
:102A500020F46050216940EAC1000B49886000F011
:102A600069F809498968C1F30311094A515C01F009
:102A70001F01C8400749086007480068FFF7D4FBFA
:102A800002E70000002002400010024000B4C4042D
:102A9000888E0008540000204C0000200F220260A5
:102AA0000D4A926802F0030242600B4A926802F0FB
:102AB000F0028260084A926802F4E062C260064A4C
:102AC000926802F46052D2080261044A126802F06D
:102AD0000F020A6070470000001002400020024010
:102AE00001480068704700005400002000B5FFF75F
:102AF000F7FF05498968C1F30221044A515C01F0DE
:102B00001F01C84000BD000000100240988E000860
:102B100000B5FFF7E5FF05498968C1F3C221044A02
:102B2000515C01F01F01C84000BD000000100240D0
:102B3000988E000870B5224DAD6805F00C05042D87
:102B400001D120483AE01E4DAD6805F00C05082D76
:102B500001D11D4832E01A4DAD6805F00C050C2D71
:102B60002BD1174DED6805F00304154DED68C5F345
:102B700003156A1C022C0CD0032C09D1124DB5FB95
:102B8000F2F50F4EF668C6F3062605FB06F10AE0DD
:102B900000BF0C4DB5FBF2F5094EF668C6F30626EC
:102BA00005FB06F100BF00BF054DED68C5F34165AB
:102BB0006D1C6B00B1FBF3F000E0002070BD000065
:102BC000001002400024F40000127A002DE9F843BE
:102BD000044614B90120BDE8F883207800F0010014
:102BE000002865D0FC48806800F00C07FA48C068EF
:102BF00000F003060C2F01D1032E01D0082F0AD1BB
:102C0000F548006800F40030002851D060680028C2
:102C10004ED10120DFE700BF6068B0F5803F06D1EC
:102C2000ED48006840F48030EB4908601AE06068C5
:102C3000B0F5A02F0BD1E848006840F48020E649A9
:102C400008600846006840F4803008600AE0E24806
:102C5000006820F48030E04908600846006820F4ED
:102C60008020086000BF606888B1FFF765F90546FD
:102C700006E0FFF761F9401B642801D90320AAE7A9
:102C8000D548006800F400300028F2D010E0FFF7CB
:102C900053F9054606E0FFF74FF9401B642801D9B8
:102CA000032098E7CC48006800F400300028F2D1F7
:102CB000207800F00200022860D1C748806800F048
:102CC0000C07C548C06800F003060C2F01D1022E86
:102CD00001D0042F18D1C048006800F4806018B1FA
:102CE000E06808B9012076E7BB48406820F0FE4064
:102CF000217C40EA0160B8494860B8480068FFF7A5
:102D000093FA18B3012066E7E06800B3B2480068A0
:102D100040F48070B0490860FFF70EF9054606E000
:102D2000FFF70AF9401B022801D9032053E7AA48FC
:102D3000006800F480600028F2D0A748406820F0C6
:102D4000FE40217C40EA0160A349486016E0A248A9
:102D5000006820F48070A0490860FFF7EDF8054690
:102D600006E0FFF7E9F8401B022801D9032032E70B
:102D70009948006800F480600028F2D1207800F0C3
:102D80000800082836D16069D0B1934894300068B3
:102D900040F001009049C1F89400FFF7CDF80546D6
:102DA00006E0FFF7C9F8401B022801D9032012E70B
:102DB00089489430006800F002000028F1D019E042
:102DC00085489430006820F001008349C1F89400E0
:102DD000FFF7B2F8054606E0FFF7AEF8401B022801
:102DE00001D90320F7E67C489430006800F0020027
:102DF0000028F1D1207800F00400042872D14FF0AF
:102E000000087548806D012121EA107078B100BF7B
:102E10007148806D40F080506F4988650846806D2C
:102E200000F08050009000BF00BF4FF001086C48D8
:102E3000006800F48070B0B96948006840F48070A0
:102E400067490860FFF778F8054606E0FFF774F871
:102E5000401B022801D90320BDE66148006800F448
:102E600080700028F2D000BFA068012808D15A481D
:102E70009030006840F001005749C1F8900021E00F
:102E8000A06805280FD154489030006840F0040035
:102E90005149C1F890000846D0F8900040F0010078
:102EA000C1F890000EE04C489030006820F001001E
:102EB0004949C1F890000846D0F8900020F004007D
:102EC000C1F8900000BFA068A8B1FFF735F805462B
:102ED00009E0FFF731F8401B41F28831884202D9FE
:102EE000032078E625E03C489030006800F00200BE
:102EF0000028EED013E0FFF71FF8054608E0FFF7C3
:102F00001BF8401B41F28831884201D9032062E658
:102F100031489030006800F002000028EFD1B8F18D
:102F2000010F05D12C48806D20F080502A4988651A
:102F300000BF207800F02000202836D1A069D0B151
:102F400025489830006840F001002349C1F89800F6
:102F5000FEF7F2FF054606E0FEF7EEFF401B0228F3
:102F600001D9032037E61C489830006800F00200C1
:102F70000028F1D019E018489830006820F00100CE
:102F80001549C1F89800FEF7D7FF054606E0FEF7A1
:102F9000D3FF401B022801D903201CE60E489830BD
:102FA000006800F002000028F1D1E069002860D03C
:102FB0000948806800F00C000C287AD0E0690228EB
:102FC00058D10548006820F0807003490860FEF77A
:102FD000B3FF05460DE00000001002404C00002049
:102FE00000700040FEF7A8FF401B022801D9032013
:102FF000F1E54A48006800F000700028F2D1D4E9F9
:103000000810401E41EA0011A06A41EA0021208E0A
:103010000122C2EB500041EA40513420005DC2EB76
:10302000500041EA40612C20005D41EAC0603B490C
:10303000C9683B4A114008433849C86008460068DF
:1030400040F0807008600846C06840F08070C8603A
:10305000FEF772FF054606E0FEF76EFF401B0228F2
:1030600001D90320B7E52D48006800F00070002862
:10307000F2D051E02948006820F0807027490860AC
:10308000FEF75AFF054606E0FEF756FF401B0228F2
:1030900001D903209FE52148006800F00070002856
:1030A000F2D11E48C0681F4908401C49C86033E07F
:1030B000FFE7E069012800D18DE51848C66806F0F1
:1030C0000301206A814225D106F0F001606A401EAA
:1030D000B1EB001F1ED106F4FE41A06AB1EB002F38
:1030E00018D106F078412C20005DB1EBC06F11D1F2
:1030F00006F4C001208E0122C2EB5000B1EB405F0C
:1031000008D106F0C0613420005DC2EB5000B1EB85
:10311000406F01D001205EE500205CE50010024018
:103120000C809F01FCFFEEFE70B504460CB9012037
:1031300070BD606A38B96068B0F5827F00D105E083
:103140000021E16102E00021216161610021A162B1
:1031500094F85D0028B9002084F85C00204600F057
:1031600061F8022084F85D002068006820F04000CB
:1031700021680860E068B0F5E06F01D9002501E042
:103180004FF48055E068B0F5706F05D0E068B0F599
:10319000E06F01D00021A162A08800F48270218933
:1031A00001F404410843217C01F002010843217D20
:1031B00001F001010843218B01F400710843217FD4
:1031C00001F0380108432021095D01F08001084326
:1031D000218D01F400510843216808600421A06991
:1031E00001EA104094F8241001F01001084394F80B
:1031F000341001F008010843A18901F4706108430B
:1032000005F480510843216848602068C06920F4B3
:1032100000602168C86100202066012084F85D00FC
:10322000002085E710B586B00446142101A8FDF7FB
:1032300099F817492068884228D100BF1548006EC8
:1032400040F48050134908660846006E00F4805030
:10325000009000BF00BF00BF0846C06C40F00100F6
:10326000C8640846C06C00F00100009000BF00BFB9
:10327000E02001900220029000200390049005209D
:10328000059001A94FF09040FEF76AFD06B010BD11
:103290000030014000100240704770477047000046
:1032A00010B50346002200BF93F83C00012801D16D
:1032B000022010BD012083F83C0000BF22F0FF0077
:1032C000CC6840EA040222F440708C6840EA0402B0
:1032D00022F480604C6840EA040222F400600C682A
:1032E00040EA040222F480500C6940EA040222F40D
:1032F00000504C6940EA040222F480400C6B40EA22
:10330000040222F470200C8B40EA044222F0805028
:10331000CC6940EA0402124C1868A04203D0114C58
:103320001868A04213D122F470000C8D40EA0452B8
:1033300022F080700C6A40EA040222F000704C6AAD
:1033400040EA040222F00050CC6A40EA0402186805
:10335000426400BF002083F83C0000BF00BFA8E724
:10336000002C014000340140704701460868406D60
:1033700040F400300A68506500207047704770477D
:1033800030B502460B4600BF92F83C00012801D13F
:10339000022030BD012082F83C0000BF022082F8EC
:1033A0003D0010684168106884681D4D1068A8428F
:1033B00003D01C4D1068A84203D121F47001586855
:1033C0000143194801401868014310684160144DD9
:1033D0001068A84213D01068B0F1804F0FD0134D81
:1033E0001068A8420BD0124D1068A84207D00D4DAE
:1033F0001068A84203D00F4D1068A84205D124F0F0
:1034000080049868044310688460012082F83D00BD
:1034100000BF002082F83C0000BF00BFB9E70000F9
:10342000002C0140003401408FFFFFFD00040040EC
:103430000008004000400140704710B504460CB938
:10344000012010BD94F83D0028B9002084F83C000C
:10345000204600F029F8022084F83D00211D206854
:1034600001F03EFE012084F8480000BF84F83E00D1
:1034700001213F20015540200155412001554220A6
:1034800001554320015500BF00BF012084F84400CE
:1034900045200155462001554720015500BF012018
:1034A00084F83D000020CCE708B50168B1F1804FF9
:1034B0000DD100BF0649896D41F00101044A9165B3
:1034C0001146896D01F00101009100BF00BF08BDE8
:1034D00000100240014691F83D00012801D0012072
:1034E0007047022081F83D00184B0868984213D0BD
:1034F0000868B0F1804F0FD0154B086898420BD088
:10350000144B0868984207D0134B0868984203D0C0
:10351000124B0868984210D108688068104B00EA86
:103520000302062A0FD0B2F5803F0CD0086800686D
:1035300040F001000B68186005E00868006840F082
:1035400001000B6818600020CAE70000002C014051
:1035500000040040000800400034014000400140E9
:1035600007000100014691F83D00012801D001202B
:103570007047022081F83D000868C06840F00100F3
:103580000B68D860184B0868984213D00868B0F1EF
:10359000804F0FD0154B086898420BD0144B086829
:1035A000984207D0134B0868984203D0124B086822
:1035B000984210D108688068104B00EA0302062A7E
:1035C0000FD0B2F5803F0CD00868006840F00100D1
:1035D0000B68186005E00868006840F001000B689F
:1035E00018600020C4E70000002C014000040040E7
:1035F0000008004000340140004001400700010085
:103600002DE9F04104460D46002700BF94F83C0028
:10361000012802D10220BDE8F081012084F83C009D
:1036200000BF022084F83D00206886683F480640BD
:1036300026F47F46206886602868702824D00CDC39
:1036400000F00F01002964D10011072861D2DFE8E2
:1036500000F05354555649353F00354A811A90427F
:103660004FD009DCB0F5805F0DD0B0F5005F18D009
:10367000B0F1101F4DD143E0102943D0202942D092
:10368000502946D140E046E0D5E902136A68206837
:1036900001F08CFD2068866846F077062068866019
:1036A00039E0D5E902136A68206801F07FFD2068DF
:1036B000806840F48040216888602CE0EA6869688E
:1036C000206801F05FFF5021206801F07BFD22E0BF
:1036D000EA686968206801F068FF6021206801F0ED
:1036E00071FD18E0EA686968206801F04BFF40212D
:1036F000206801F067FD0EE000BF00BF00BF00BF03
:1037000000BF00BF00BF00BF2968206801F05AFD5C
:1037100001E0012700BF00BF012084F83D0000BF89
:10372000002084F83C0000BF384674E788FFCEFFD5
:1037300020001000704770B504462068C6682068F5
:10374000056905F00200022819D106F002000228DE
:1037500015D1401F21680861012020772068806909
:1037600000F0030018B12046FFF7E4FF05E0204613
:1037700000F04CF9204600F05BFA0020207705F0BD
:103780000400042819D106F00400042815D1C04310
:1037900021680861022020772068806900F4407069
:1037A00018B12046FFF7C6FF05E0204600F02EF9CD
:1037B000204600F03DFA0020207705F00800082898
:1037C00019D106F00800082815D1C0432168086106
:1037D000042020772068C06900F0030018B120465B
:1037E000FFF7A8FF05E0204600F010F9204600F0A2
:1037F0001FFA0020207705F01000102819D106F0DC
:103800001000102815D1C0432168086108202077D6
:103810002068C06900F4407018B12046FFF78AFFA5
:1038200005E0204600F0F2F8204600F001FA002002
:10383000207705F0010048B106F0010030B16FF0CB
:10384000010021680861204600F0F4F905F08000CD
:10385000802804D005F40050B0F5005F0AD106F0CE
:103860008000802806D16FF402502168086120464C
:10387000FFF713FD05F48070B0F5807F0AD106F0E4
:103880008000802806D16FF480702168086120468E
:10389000FFF702FD05F04000402809D106F0400086
:1038A000402805D1C04321680861204600F0CEF9C8
:1038B00005F02000202809D106F02000202805D19D
:1038C000C043216808612046FFF7E8FC05F480103A
:1038D000B0F5801F0BD106F48010B0F5801F06D123
:1038E0006FF48010216808612046FFF747FD05F45A
:1038F0000010B0F5001F0BD106F40010B0F5001F4A
:1039000006D16FF40010216808612046FFF72CFDF6
:1039100005F48000B0F5800F0BD106F48000B0F5FF
:10392000800F06D16FF48000216808612046FFF700
:1039300026FD05F40000B0F5000F0BD106F40000E1
:10394000B0F5000F06D16FF4000021680861204631
:10395000FFF772FD70BD000010B586B0044614215B
:1039600001A8FCF7FFFC26492068884245D100BF2A
:103970002448C06C40F002002249C8640846C06C6C
:1039800000F00200009000BF00BF00BF0846C06CFE
:1039900040F00100C8640846C06C00F001000090CF
:1039A00000BF00BF4FF4C0400190022002900020F1
:1039B000039004900620059001A91348FEF7D0F962
:1039C0004FF40040019002200290002003900490E8
:1039D0000420059001A90C48FEF7C2F94FF4E060FD
:1039E0000190022002900020039004900620059090
:1039F00001A94FF09040FEF7B3F906B010BD0000EA
:103A0000002C0140001002400004004870472DE9DE
:103A1000F04104460D461646002700BF94F83C00CE
:103A2000012802D10220BDE8F081012084F83C0089
:103A300000BF0C2E51D005DC4EB1042E1ED0082E36
:103A40007AD133E0102E60D0142EF9D175E02946DA
:103A5000206801F0C3FB2068806940F008002168FD
:103A600088612068806920F00400216888612068EE
:103A70008069296908432168886178E029462068BF
:103A800001F002FC2068806940F4006021688861D0
:103A90002068806920F480602168886120688069DE
:103AA000296940EA01202168886160E02946206890
:103AB00001F044FC2068C06940F008002168C8613A
:103AC0002068C06920F004002168C8612068C069CE
:103AD000296908432168C86149E02946206801F046
:103AE00087FC2068C06940F400602168C8612068D4
:103AF000C06920F480602168C8612068C0692969B4
:103B000040EA01202168C86131E02946206801F0BF
:103B1000C9FC2068006D40F0080021680865206835
:103B2000006D20F00400216808652068006D296997
:103B30000843216808651AE017E02946206801F06B
:103B4000E9FC2068006D40F4006021680865206889
:103B5000006D20F48060216808652068006D296987
:103B600040EA01202168086501E0012700BF00BF8D
:103B700000BF002084F83C0000BF384653E710B572
:103B800004460CB9012010BD94F83D0028B900206E
:103B900084F83C00204600F029F8022084F83D001B
:103BA000211D206801F09CFA012084F8480000BF24
:103BB00084F83E0001213F2001554020015541205D
:103BC0000155422001554320015500BF00BF01208F
:103BD00084F84400452001554620015547200155F1
:103BE00000BF012084F83D000020CCE738B5044632
:103BF0000D492068884215D100BF0C48006E40F482
:103C000000600A4908660846006E00F400600090F3
:103C100000BF00BF00220F211A20FEF78DFB1A20E3
:103C2000FEF776FB38BD0000002C0140001002407A
:103C30007047000010B5044603492068884201D14E
:103C4000FEF7D6FA10BD000000340140704701466F
:103C500000BF91F88400012801D1022070470120A3
:103C600081F8840000BF2420C1F888000868026839
:103C70000868006820F001000B68186022F000520C
:103C800000204866086802602020C1F8880000BF54
:103C9000002081F8840000BF00BFDFE72DE9F0417C
:103CA00004460E461746D4F88C00202825D106B1CC
:103CB00017B90120BDE8F0810120E06600202067EF
:103CC0003A463146204602F0ABF805469DB9E06E13
:103CD00001280FD110202168086200BF00BF2168B1
:103CE00051E8001F41F01000226842E8000100295D
:103CF000F5D100E001252846DCE70220DAE70000E4
:103D000070B505460C461B48854214D100F0A7F853
:103D10001948048001201949087022461849194899
:103D2000FCF707FB10211648FCF71CFB1022144976
:103D30001048FFF7B3FF1448854219D100F08FF8FF
:103D4000012012490870224611491248FCF7F1FA85
:103D500034210F48FCF706FB0F48006818B10E48E5
:103D6000006802F019FD342209490748FFF796FF61
:103D700070BD0000F4030020360000203500002054
:103D8000E0000020F000002088040020380000201F
:103D90008C030020C003002030000020704770B565
:103DA00004460D4600BF94F88400012801D102208A
:103DB00070BD012084F8840000BF2420C4F888006E
:103DC000206806682068006820F00100216808600B
:103DD0002068806820F06060284321688860204661
:103DE00001F0F8FB206806602020C4F8880000BFBE
:103DF000002084F8840000BF00BFD9E770B50446F6
:103E00000D4600BF94F88400012801D1022070BD46
:103E1000012084F8840000BF2420C4F888002068B2
:103E200006682068006820F00100216808602068AA
:103E3000806820F06040284321688860204601F0B7
:103E4000C9FB206806602020C4F8880000BF00205D
:103E500084F8840000BF00BFD9E77047704770B591
:103E60000446D4F88850D4F88C602068806800F04C
:103E70008000802823D1212D21D100BF00BF2168DF
:103E8000083151E8001F21F080002168083141E825
:103E90000002002AF3D100BFE06F68B1E06FFDF7C8
:103EA000F3FB48B1E06FFDF774FC202804D110202B
:103EB000C4F89000032070BD204601F0CFFD2068BB
:103EC000806800F04000402826D1222E24D100BF77
:103ED00000BF2168083151E8001F21F0400021682F
:103EE000083141E80002002AF3D100BFD4F8800075
:103EF00078B1D4F88000FDF7C7FB50B1D4F880004A
:103F0000FDF747FC202804D11020C4F890000320BE
:103F1000D1E7204601F054FD0020CCE770470000B7
:103F20002DE9F04704462068C569206806682068C6
:103F3000876840F60F0005EA0009B9F1000F0FD1BC
:103F400005F0200060B106F0200010B907F08050A5
:103F500030B1606F10B12046616F8847BDE8F087CF
:103F6000B9F1000F7ED0DF48384018B9DE48304044
:103F70000028F7D005F0010058B106F4807040B178
:103F8000012021680862D4F8900040F00100C4F8D4
:103F9000900005F0020058B107F0010040B1022086
:103FA00021680862D4F8900040F00400C4F8900042
:103FB00005F0040058B107F0010040B10420216869
:103FC0000862D4F8900040F00200C4F8900005F0B8
:103FD000080070B106F0200010B9C248384040B166
:103FE000082021680862D4F8900040F00800C4F866
:103FF000900005F4006060B106F0806048B14FF4B5
:10400000006021680862D4F8900040F02000C4F8F5
:104010009000D4F89000002852D005F0200050B154
:1040200006F0200010B907F0805020B1606F10B189
:104030002046616F8847D4F890A02068806800F01F
:104040004000402802D00AF0280070B3204601F05A
:10405000B7FC2068806800F04000402826D100BFEF
:1040600000BF00E02DE02168083151E8001F21F079
:1040700040002168083141E80002002AF1D100BF68
:10408000D4F8800068B19948D4F880108863D4F8D7
:104090008000FDF734FB98B1D4F88000816B88472D
:1040A0000EE02046FFF73AFF0AE003E02046FFF764
:1040B00035FF05E02046FFF731FF0020C4F89000EF
:1040C0004CE7E06E012865D105F01000002861D0B2
:1040D00006F010000028FAD010202168086220683D
:1040E000806800F0400040287AD1D4F88000006851
:1040F00040681FFA80F8B8F1000F5CD0B4F85C009B
:10410000404558DDA4F85E80D4F88000006800685F
:1041100000F02000E8BB00BF00BF216851E8001F8D
:1041200021F48070226842E800010029F5D100BF27
:1041300000BF00BF2168083151E8001F21F00100D5
:104140002168083141E80002002AF3D100BF00BF16
:1041500000BF2168083151E8001F21F040002168AC
:10416000083141E80002002AF3D100BF2020C4F842
:104170008C000020E06600BF00BF216851E8001FEE
:1041800021F01000226842E800010029F5D100BFAB
:1041900001E004E068E0D4F88000FDF775FA022041
:1041A0002067B4F85C00B4F85E20801A81B2204623
:1041B000FFF7A6FD12E0B4F85C0040450ED1D4F83C
:1041C00080000068006800F02000202806D102204E
:1041D0002067B4F85C102046FFF792FDBEE6FFE7CB
:1041E00034F85C0F6188401A1FFA80F860885C3CE4
:1041F000C8B3B8F1000F36D000BF00BF216851E846
:10420000001F21F49070226842E800010029F5D1D6
:1042100000BF00BF00BF2168083151E8001F314ACC
:10422000D24301EA02002168083141E80002002A75
:10423000F1D100BF2020C4F88C000020E066606748
:1042400000BF00BF216851E8001F21F01000226864
:1042500042E800010029F5D100BF02202067414655
:104260002046FFF74DFD79E605F4801050B107F4C4
:10427000800038B14FF48010216808622046FFF7B3
:10428000EDFD6BE605F0800058B106F0800010B936
:1042900007F4000028B1A06F10B12046A16F884735
:1042A0005CE605F0400030B106F0400018B1204651
:1042B00001F0BCFB52E605F4000030B106F080408E
:1042C00018B12046FFF7C9FD48E605F0807030B10F
:1042D00006F0004018B12046FFF760FD3EE600BF43
:1042E0003CE6000001000010200100040F58000807
:1042F00010B504460CB9012010BDA06900B100E062
:1043000000BFD4F8880028B9002084F88400204633
:1043100000F02AF82420C4F888002068006820F003
:10432000010021680860A06A10B1204601F07EF902
:10433000204601F0B3FB012800D1DDE7206840688A
:1043400020F49040216848602068806820F02A00AE
:10435000216888602068006840F0010021680860DA
:10436000204601F0DFF9C7E710B598B004461421E4
:1043700013A8FBF7F7FF442102A8FBF7F3FF7A49E4
:104380002068884274D1022002900020049002A884
:10439000FEF7BAF808B1FCF7C5F900BF7348806DA5
:1043A00040F40030714988650846806D00F40030A3
:1043B000019000BF00BF00BF0846C06C40F0020083
:1043C000C8640846C06C00F00200019000BF00BF46
:1043D00018201390022014900020159016900720AA
:1043E000179013A96248FDF7BBFC62486249086058
:1043F0001A204860002160488160C160802101610D
:10440000002141618161C1614FF480510162FDF77A
:1044100043FA08B1FCF786F900BF5748C4F880009A
:10442000846200BF53481430544908601B20486020
:104430001021524881600021C1608021016100216A
:1044400041618161C1610162FDF726FA08B1FCF7A3
:1044500069F900BF4948E067846200BF0022052176
:104460002620FDF769FF2620FDF752FF79E0FFE7E0
:1044700043492068884274D10420029000200590AE
:1044800002A8FEF741F808B1FCF74CF900BF374825
:10449000806D40F48020354988650846806D00F4C1
:1044A0008020019000BF00BF00BF0846C06C40F0F4
:1044B0000200C8640846C06C00F00200019000BF12
:1044C00000BF4FF44060139002201490002015901C
:1044D00016900720179013A92548FDF741FC2548A1
:1044E0002830284908601C20486000212548816048
:1044F000C16080210161002141618161C1614FF48E
:1045000040510162FDF7C8F908B1FCF70BF900BF93
:104510001C48C4F88000846200BF16483C301A4929
:1045200008601D2048601021174881600021C1608B
:1045300080210161002141618161C1610162FDF75A
:10454000ABF908B1FCF7EEF800BF0F48E0678462F2
:1045500000BF002205212720FDF7EEFE2720FDF7F2
:10456000D7FE18B010BD000000440040001002400B
:1045700000040048080002401C0500207C050020C3
:1045800000480040DC0500203C06002070477047D2
:1045900070B504460E461546D4F8880020283FD151
:1045A00006B10DB9012070BD44F8506FA580E580BB
:1045B000002020642120A063E06A503CE0B119484B
:1045C000E16FC8621848E16F08631848E16F4863FB
:1045D0000020E16F8863236803F128022B46216DD8
:1045E000E06FFDF7C1F938B11020C4F89000202029
:1045F000C4F888000120D6E740202168086200BF87
:1046000000BF2168083151E8001F41F08000216897
:10461000083141E80002002AF3D100BF0020C2E7C0
:104620000220C0E75B590008B15900082358000870
:104630007047704700BFFEE7024602F1600000EBE2
:104640008103186800F0F8407047024602F16000EC
:1046500000EB8103186800F0F84070470146886855
:10466000C0F3C000704701468868C0F3C0007047BF
:104670000146886800F0010070470146886800F034
:104680000100704701468868C0F30070704701461A
:104690008868C0F38000704701468868C0F38000D6
:1046A000704770B500F11404C1F3406504EB850355
:1046B0001C68C1F304560725B540AC43C1F304554B
:1046C00002FA05F52C431C6070BD70B500F11404AE
:1046D000C1F3406504EB85031C68C1F3045607254C
:1046E000B540AC43C1F3045502FA05F52C431C60F8
:1046F00070BD826822F0E0720A438260704782686F
:1047000022F0E0720A438260704710B500F1600445
:1047100004EB81031C6824F0004414431C6010BDAA
:1047200010B500F1600404EB81031C6824F0004420
:1047300014431C6010BD426922F000420A434261EA
:104740007047426922F000420A434261704700000C
:104750000121124A11700168096821F00401026800
:10476000116000BF00BF00BFBFF34F8F00BF00BF8D
:1047700000BF00BF00BF00BFBFF36F8F00BF00BF0F
:1047800000BF0168096801F0040129B101680968E6
:1047900021F004010268116070470000340000201D
:1047A00000B597B020210FA8FBF7DCFD3C2168463F
:1047B000FBF7D8FD3348344908604FF44030486077
:1047C000002131488160C160016101214161042102
:1047D000816100210177417701210162002180F888
:1047E0002410C162016380F83810C16380F8401062
:1047F000FCF7A6FD08B1FBF795FF24480F900620B3
:104800001090002011907F2012900420139000201F
:1048100014900FA91C48FCF70FFB08B1FBF782FFAF
:104820001A48009009200190022002907F200390F6
:1048300004200490002005900220089000208DF8AC
:1048400024008DF825008DF8260084200A904FF46E
:1048500080700B9000208DF8300069460A48FBF705
:10486000D5FF08B1FBF75EFF0948009040F20F103A
:10487000019069460448FBF7C9FF08B1FBF752FFF6
:1048800017B000BD000100500C01002002003004F0
:104890000400600810B50548054908600846FCF7A3
:1048A000C1FE08B1FBF73EFF10BD0000000C024046
:1048B0007801002008B500BF1D48806C40F004005E
:1048C0001B4988640846806C00F00400009000BF1B
:1048D00000BF00BF0846806C40F0010088640846B5
:1048E000806C00F00100009000BF00BF0022052195
:1048F0000B20FDF721FD0B20FDF70AFD002205210D
:104900000C20FDF719FD0C20FDF702FD002205210A
:104910000D20FDF711FD0D20FDF7FAFC0022052109
:104920000E20FDF709FD0E20FDF7F2FC08BD00008A
:104930000010024010B5104810490860002048607F
:1049400000210E488160C16001744174817410219E
:10495000416101218161C161016241628162C16283
:104960000163002141638163C163FDF75FF808B112
:10497000FBF7D8FE10BD000000640040A00100203D
:1049800010B50548054908600846FDF7A3F908B1C8
:10499000FBF7C8FE10BD0000001402400402002016
:1049A00010B50B4A0121084601F090FE0949086044
:1049B000094A0021094801F01DFF09490860094A18
:1049C0000021094801F016FF0849086010BD0000E9
:1049D000508E000830000020088E000805500008A6
:1049E000280000202C8E0008115000082C00002008
:1049F00000B587B0142102A8FBF7B4FC00BF1F4824
:104A0000C06C40F020001D49C8640846C06C00F02E
:104A10002000019000BF00BF00BF0846C06C40F0FE
:104A20000100C8640846C06C00F00100019000BF9E
:104A300000BF00BF0846C06C40F00200C8640846D2
:104A4000C06C00F00200019000BF00BF01221146BF
:104A50000B48FDF76BFA002240210948FDF766FA82
:104A6000412002900120039000200490059002A9AB
:104A70000348FDF775F907B000BD000000100240C3
:104A80000004004810B514481449086014484860F0
:104A90000021124881600121C16000210161416152
:104AA0008161C1610162FDF7D1FA08B1FBF73AFEFD
:104AB00000210A48FDF746FA08B1FBF733FE002152
:104AC0000648FDF774FA08B1FBF72CFE4FF480108E
:104AD000FDF7A2FA10BD0000005400403C02002087
:104AE0000F06524010B51148114908604FF482700A
:104AF000486000210E4881604FF47061C160002160
:104B0000016101214161490281611821C1610021D6
:104B10000162416281620721C16200210163416338
:104B2000FEF702FB08B1FBF7FDFD10BD00300140B0
:104B30009002002000B597B00020149015901690B8
:104B40001C210DA8FBF70EFC34216846FBF70AFC7C
:104B50003848394908600020486020213648816083
:104B600042F23311C1600021016141618161FFF7AF
:104B700006F808B1FBF7D6FD0020149015901690AA
:104B800014A92D48FEF7FCFB08B1FBF7CBFD602014
:104B90000D9000200E900F90109011901290139095
:104BA00000220DA92448FEF732FF08B1FBF7BAFD39
:104BB00004220DA92048FEF72AFF08B1FBF7B2FD39
:104BC00008220DA91C48FEF722FF08B1FBF7AAFD39
:104BD00042F201100E900C220DA91748FEF717FFA4
:104BE00008B1FBF79FFD1448FEF7BFFB00200090C3
:104BF0000190029095200390002004904FF4005003
:104C0000059000200690079008904FF000700990E2
:104C100000200A900B904FF480400C9069460648A3
:104C2000FEF73EFB08B1FBF77DFD0348FEF794FE5F
:104C300017B000BD002C0140F402002000B587B081
:104C4000002003900490059006900090019002903F
:104C50004FF0804013490860A920486000211148A6
:104C60008160491EC160002101618161FEF7E5FBA1
:104C700008B1FBF757FD4FF48050039003A9094892
:104C8000FEF7BEFC08B1FBF74DFD0020009002903E
:104C900069460448FEF774FB08B1FBF743FD07B013
:104CA00000BD00004003002010B51E481E490860EA
:104CB0001E48486000211C488160C16001610C21D0
:104CC000416100218161C161016241620020164998
:104CD00088620846FFF70CFB08B1FBF723FD0021B3
:104CE0001148FFF78BF808B1FBF71CFD00210E48B7
:104CF000FFF755F808B1FBF715FD0B48FEF7A7FFC6
:104D000008B1FBF70FFD0A480068006820F00400B6
:104D1000074909680860102206490348FEF7BEFFEC
:104D200010BD000000440040F403002020A1070053
:104D30001C050020E000002010B51F481F49086036
:104D40001F48486000211D488160C16001610C213D
:104D5000416100218161C161016241620020174906
:104D600088620846FFF7C4FA08B1FBF7DBFC0021B4
:104D70001248FFF743F808B1FBF7D4FC00210F48B5
:104D8000FFF70DF808B1FBF7CDFC0C48FEF75FFF0D
:104D900008B1FBF7C7FC34220A490848FEF77EFF3A
:104DA00009480068006820F00400074909680860A5
:104DB0000548FFF7CDFC10BD0048004088040020E6
:104DC00000093D008C030020DC05002000BFFEE749
:104DD00000BFFEE770B5164DED6805F00304144DF5
:104DE000ED68C5F303156B1C022C0CD0032C09D104
:104DF000104DB5FBF3F50E4EF668C6F3062605FB1F
:104E000006F10AE000BF0C4DB5FBF3F5084EF6685D
:104E1000C6F3062605FB06F100BF00BF044DED6892
:104E2000C5F341656D1C6A00B1FBF2F070BD000076
:104E30000010024000127A000024F40070B504460D
:104E40000D46012240210A48FDF770F82A46214606
:104E50000848FFF79DFB00BF0648D0F888002028CF
:104E6000FAD1002240210248FDF760F870BD000031
:104E700000040048880400202DE9F04106460F4652
:104E80001446012240213248FDF750F83A46314697
:104E90003048FFF77DFB00BF2E48D0F8880020285F
:104EA000FAD1002240212A48FDF740F84FF0804017
:104EB000456A0CE028480078012800D10EE04FF048
:104EC000805026490860BFF34F8FBFF36F8F4FF0BC
:104ED0008040416A05F164008142EBD900BF1E4861
:104EE000007890BB8CB34FF000082CE01A48007893
:104EF000012801D1BDE8F081012240211448FDF7CD
:104F000015F83A4631461348FFF742FB00BF1148F7
:104F1000D0F888002028FAD1002240210C48FDF763
:104F200005F84FF08040456A04E00B4800780128FE
:104F300000D1DFE74FF08040416A05F196008142E1
:104F4000F3D908F10108A045D0DB00BFD2E700008B
:104F500000040048880400203800002004ED00E030
:104F60002DE9FE4F07468846154601F095FAA80040
:104F70000290680000F1040AD1464FEA490001F0AE
:104F800019FB044626464AF60120208047F480702B
:104F900060800298A080002015E008EB800191ED70
:104FA000000A8DED000A4FF6FF72009902EA1142E5
:104FB0004100C91C24F8112000998AB24100091D42
:104FC00024F81120401CA842E7DB6800C01C4FEA0F
:104FD000400B5946304601F075FA0190BB2101980B
:104FE00041EA00216800C01C24F810104FEA494033
:104FF000010C01222046FFF73FFF204601F080FA16
:10500000BDE8FE8F00BF012001F00AFBFBE70000B6
:1050100000BF4FF0FF310448006803F01BFA01287D
:10502000F7D1FBF709FAF4E73000002010B54FF094
:10503000E020006903F0C0FB012801D002F030FE3F
:1050400010BD00B593B0382105A8FBF78BF91421EA
:105050006846FBF787F90020FDF7C0F901200590AD
:105060000004069002200C9003210D9102210E9164
:1050700055210F91022110911191129105A8FDF770
:10508000A5FD08B1FBF74EFB0F2000900320019017
:10509000002002900390049004216846FDF7ECFB89
:1050A00008B1FBF73FFB13B000BD000003480068E8
:1050B00040F47000014908607047000088ED00E08E
:1050C00010B50248FEF737FB10BD0000F4020020C7
:1050D00010B50248FEF72FFB10BD00009C06002013
:1050E00010B502682A4B98420BD0B0F1804F08D01F
:1050F000284B984205D0284B984202D0274B984223
:1051000003D122F070024B681A43214B984214D00D
:10511000B0F1804F11D01F4B98420ED01E4B9842D9
:105120000BD01E4B984208D01D4B984205D01D4B0A
:10513000984202D01C4B984203D122F44072CB68B3
:105140001A4322F080034C6943EA040202608B6830
:10515000C3620B6883620E4B98420BD00F4B984290
:1051600008D00F4B984205D00E4B984202D00E4B00
:10517000984201D10B69036301234361036903F082
:1051800001031BB1036923F00103036110BD00009B
:10519000002C0140000400400008004000340140A1
:1051A00000400140004401400048014030B50C4639
:1051B000816821F47F4142EA032525432943816028
:1051C00030BD00000A468168034B194042F00703D6
:1051D00019438160704700008FFFCFFF30B5026A2E
:1051E000056A25F00105056243688469204D2C405D
:1051F00024F003040D682C4322F002028D682A4338
:105200001C4DA84200D10FE01B4DA84200D10BE07D
:105210001A4DA84200D107E0194DA84200D103E081
:10522000184DA84206D100BF22F00802CD682A43DB
:1052300022F004020F4DA8420BD00F4DA84208D017
:105240000E4DA84205D00E4DA84202D00D4DA842E9
:1052500007D123F4807323F400734D692B438D69C8
:105260002B43436084614D684563026230BD00009A
:105270008FFFFEFF002C0140003401400040014040
:10528000004401400048014030B5026A056A25F03B
:105290001005056243688469224D2C4024F4407453
:1052A0000D6844EA052422F020028D6842EA0512C6
:1052B0001D4DA84200D10FE01C4DA84200D10BE0CB
:1052C0001B4DA84200D100BF1A4DA84200D100BF1B
:1052D000194DA84207D106E022F08002CD6842EACB
:1052E000051222F04002104DA8420BD00F4DA842EB
:1052F00008D00F4DA84205D00E4DA84202D00E4D49
:10530000A84209D123F4806323F400634D6943EA82
:1053100085038D6943EA8503436084614D68856335
:10532000026230BDFF8FFFFE002C014000340140BF
:1053300000400140004401400048014030B5026A8D
:10534000056A25F4807505624368C469224D2C40C6
:1053500024F003040D682C4322F400728D6842EAA5
:1053600005221E4DA84200D10FE01D4DA84200D1DC
:105370000BE01C4DA84200D100BF1B4DA84200D13C
:1053800000BF1A4DA84207D106E022F40062CD68A2
:1053900042EA052222F48062104DA8420BD0104D43
:1053A000A84208D00F4DA84205D00F4DA84202D008
:1053B0000E4DA84209D123F4805323F400534D69C4
:1053C00043EA05138D6943EA05134360C4614D68E0
:1053D000C563026230BD00008FFFFEFF002C01405C
:1053E00000340140004001400044014000480140B9
:1053F00030B5026A056A25F4805505624368C469C0
:10540000224D2C4024F440740D6844EA052422F413
:1054100000528D6842EA05321D4DA84200D10FE0CE
:105420001C4DA84200D10BE01B4DA84200D100BF8B
:105430001A4DA84200D100BF194DA84207D106E07D
:1054400022F40042CD6842EA053222F48042104D37
:10545000A8420BD00F4DA84208D00F4DA84205D04E
:105460000E4DA84202D00E4DA84209D123F480432C
:1054700023F400434D6943EA85138D6943EA85139C
:105480004360C4614D680564026230BDFF8FFFFE5A
:10549000002C014000340140004001400044014024
:1054A0000048014030B5026A056A25F4803505627E
:1054B0004368046D114D2C400D682C4322F40032DA
:1054C0000D8942EA05420E4DA8420BD00D4DA8426F
:1054D00008D00D4DA84205D00C4DA84202D00C4D6D
:1054E000A84204D123F480334D6943EA0523436085
:1054F00004654D688564026230BD00008FFFFEFFC9
:10550000002C0140003401400040014000440140B3
:105510000048014030B5026A056A25F4801505622D
:105520004368046D114D2C400D6844EA052422F4B3
:1055300000120D8942EA05520D4DA8420BD00D4DC7
:10554000A84208D00C4DA84205D00C4DA84202D06C
:105550000B4DA84204D123F480234D6943EA8523EF
:10556000436004654D68C564026230BDFF8FFFFE75
:10557000002C014000340140004001400044014043
:105580000048014030B50B461446026A056A25F012
:1055900001050562816921F0F00141EA041122F060
:1055A0000A021A438161026230BD30B50B461446CF
:1055B000026A056A25F010050562816921F47041CF
:1055C00041EA043122F0A00242EA03128161026240
:1055D00030BD000070B5456E2DB90125A0F86A50A8
:1055E000A0F868501CE0082308240568AD68C5F3DE
:1055F00042610568AD686A0F0A4DAD5C15FB04F5A4
:10560000094EB65C95FBF6F5A0F86A50054D6D5C49
:1056100015FB03F5044E765C95FBF6F5A0F8685093
:1056200070BD0000788E0008808E000890F8281069
:1056300001F00801082907D10168496821F40041F7
:10564000826B11430268516090F8281001F001014B
:1056500039B10168496821F40031C26A1143026816
:10566000516090F8281001F00201022907D1016869
:10567000496821F48031026B11430268516090F84F
:10568000281001F00401042907D10168496821F4B8
:105690008021426B11430268516090F8281001F09C
:1056A0001001102907D10168896821F48051C26B6B
:1056B00011430268916090F8281001F02001202920
:1056C00007D10168896821F40051026C1143026816
:1056D000916090F8281001F04001402913D1016831
:1056E000496821F48011426C114302685160416C99
:1056F000B1F5801F07D10168496821F4C001826CAF
:1057000011430268516090F8281001F0800180294F
:1057100007D10168496821F40021C26C1143026875
:105720005160704738B504460020C4F89000FCF77B
:1057300003FC05462068006800F00800082821D115
:105740006FF07E402B4600224FF40011009020465F
:1057500000F0CAFBB0B100BF00BF216851E8001FD4
:1057600021F08000226842E800010029F5D100BF45
:105770002020C4F8880000BF002084F8840000BF07
:10578000032038BD2068006800F00400042830D1F0
:105790006FF07E402B4600224FF48001009020469F
:1057A00000F0A2FB28B300BF00BF216851E8001F32
:1057B00021F49070226842E800010029F5D100BF71
:1057C00000BF00BF2168083151E8001F21F001002F
:1057D0002168083141E80002002AF3D100BF2020EF
:1057E000C4F88C0000BF002084F8840000BF0320B0
:1057F000C7E72020C4F88800C4F88C000020E066C9
:10580000206700BF84F8840000BF00BFB9E770B50F
:105810000446A56A0020A5F85E002846FEF77EFB38
:1058200070BD2DE9F0410546AC6AD4F88860D4F823
:105830008C702068806800F08000802807D1212EBD
:1058400005D10020A4F85600204600F007F9206892
:10585000806800F04000402807D1222F05D10020A9
:10586000A4F85E00204600F0ABF8D4F8900040F0B9
:105870001000C4F890002046FEF750FBBDE8F08110
:1058800070B50546AC6A2868006800F02000E0BBEF
:105890000020A4F85E0000BF00BF216851E8001F8F
:1058A00021F48070226842E800010029F5D100BF90
:1058B00000BF00BF2168083151E8001F21F001003E
:1058C0002168083141E80002002AF3D100BF00BF7F
:1058D00000BF2168083151E8001F21F04000216815
:1058E000083141E80002002AF3D100BF2020C4F8AB
:1058F0008C00E06E01280ED100BF00BF216851E886
:10590000001F21F01000226800E004E042E80001DE
:105910000029F3D100BF00202067E06E012805D1E7
:10592000B4F85C102046FEF7EBF902E02046FEF7E3
:105930002DFE70BD70B50546AC6A01202067E06E93
:10594000012806D1B4F85C0041082046FEF7D8F9DA
:1059500002E02046FEF71BFE70BD70B50546AC6A3E
:105960002868006800F02000F0B90020A4F8560074
:1059700000BF00BF2168083151E8001F21F08000FE
:105980002168083141E80002002AF3D100BF00BFBE
:1059900000BF216851E8001F41F04000226842E842
:1059A00000010029F5D102E02046FEF741FE70BD5E
:1059B00070B50446A56A2846FEF73BFE70BD0000A0
:1059C00000BF00BF026852E8002F22F49071036804
:1059D00043E80012002AF5D100BF00BF00BF0268F3
:1059E000083252E8002F104B02EA03010268083225
:1059F00042E80013002BF2D100BFC16E01290CD187
:105A000000BF00BF026852E8002F22F010010368B7
:105A100043E80012002AF5D100BF2021C0F88C1005
:105A20000021C16641677047FEFFFFEF10B50446D5
:105A300000BF00BF216851E8001F21F0400022682C
:105A400042E800010029F5D100BF2020C4F88800F9
:105A50000020A0672046FEF7EBFD10BD00BF00BF91
:105A6000026852E8002F22F0C001036843E80012E8
:105A7000002AF5D100BF00BF00BF0268083252E81B
:105A8000002F22F400010268083242E80013002BC4
:105A9000F3D100BF2021C0F8881070472DE9FE4FD8
:105AA000044600200290D4492068884200D100E0DA
:105AB00000BF2169A068084361690843E16940EAC1
:105AC000010820680068CD49084040EA08002168C4
:105AD00008602068406820F44050E168084321686D
:105AE0004860D4F81880C4492068884202D0206AEF
:105AF00040EA080820688068C149084040EA080078
:105B0000216888602068C06A20F00F00616A08433D
:105B10002168C86200BFBB492068884216D1BA48D4
:105B2000006800F0030030B1012808D0022804D03A
:105B3000032808D105E0012507E0022505E004253A
:105B400003E0082501E0102500BF6FE0AF492068A1
:105B5000884216D1AC48006800F00C0030B104282F
:105B600008D0082804D00C2808D105E0002507E05B
:105B7000022505E0042503E0082501E0102500BF0B
:105B800054E0A3492068884216D19F48006800F07D
:105B9000300030B1102808D0202804D0302808D197
:105BA00005E0002507E0022505E0042503E00825BF
:105BB00001E0102500BF39E096492068884216D1DF
:105BC0009148006800F0C00030B1402808D080281B
:105BD00004D0C02808D105E0002507E0022505E033
:105BE000042503E0082501E0102500BF1EE08249DE
:105BF0002068884219D18448006800F4406048B1A8
:105C0000B0F5806F0AD0B0F5006F05D0B0F5406FE9
:105C100008D105E0002507E0022505E0042503E0A2
:105C2000082501E0102500BF00E0102500BF7249E3
:105C30002068884259D135B1022D08D0042D08D0F2
:105C4000082D0DD109E0FCF751FF06460CE0724E1D
:105C50000AE0FCF76FFF064606E04FF4004603E05B
:105C600000260120029000BF00BF002E10D06B491B
:105C7000606A31F81000B6FBF0F9606800EB400094
:105C8000484503D860680003484502D201200290CD
:105C9000A6E06249606A31F810C0624600233046CF
:105CA0001946FAF715FB4FF4807C0022A0FB0C3B51
:105CB00001FB0CB100FB021160684008181851414B
:105CC000CDE90001D4F804C062460023FAF700FBD6
:105CD0000746B7F5407F05D3B7F5801F02D220688D
:105CE000C7607DE0012002907AE0E069B0F5004FE6
:105CF0003FD1092D17D2DFE805F005090D160F1663
:105D000016161300FCF7F2FE064610E0FCF700FF43
:105D100006460CE0404E0AE0FCF70CFF064606E0A3
:105D20004FF4004603E000260120029000BF00BFB0
:105D300086B33A49606A31F81000B6FBF0F04000D3
:105D4000616800EB5100B0FBF1F7102F0ED3B7F5EF
:105D5000803F0BD24FF6F07007EA000AC7F342000B
:105D60004AEA000A2068C0F80CA039E0012002903D
:105D700036E0092D18D2DFE805F005090E171017D7
:105D800017171400FCF7B2FE064611E0FCF7C0FE40
:105D900006460DE024E0204E0AE0FCF7CBFE064666
:105DA00006E04FF4004603E000260120029000BF09
:105DB00000BFAEB11949606A31F81000B6FBF0F0CF
:105DC000616800EB5100B0FBF1F7102F06D3B7F577
:105DD000803F03D2B8B22168C86001E00120029080
:105DE0000120A4F86A00A4F8680000206067A0679A
:105DF0000298BDE8FE8F000000800040F369FFCFED
:105E0000FFF4FF11003801408810024000440040B8
:105E100000480040004C00400024F400608E000860
:105E200070B504460E46154644F8586FA58000200C
:105E3000A06322206063A06A583CF8B12748241D63
:105E4000E16FC8622648E16F08632648E16F486346
:105E50000020E16F886354F8043C03F12401626D73
:105E6000E06F241F2B46FBF77FFD38B11020C4F8EC
:105E700090002020C4F88C00012070BD206960B122
:105E800000BF00BF216851E8001F41F48070226804
:105E900042E800010029F5D100BF00BF00BF216822
:105EA000083151E8001F41F001002168083141E844
:105EB0000002002AF3D100BF00BF00BF21680831F3
:105EC00051E8001F41F040002168083141E800021C
:105ED000002AF3D100BF0020CFE70000815800085E
:105EE00035590008235800082DE9F04104460D46B5
:105EF00017469846069E41E0701C00283ED0FCF7ED
:105F00001BF8A0EB0800B04200D816B90320BDE88A
:105F1000F0812068006800F0040070B3802D2DD05F
:105F2000402D2BD02068C069C0F3C00078B1082094
:105F3000216808622046FFF743FD0820C4F890005E
:105F400000BF002084F8840000BF0120DFE7206844
:105F5000C069C0F3C02080B14FF4006021680862BE
:105F60002046FFF72DFD2020C4F8900000BF002040
:105F700084F8840000BF0320C9E7FFE72068C069F8
:105F80002840A84201D1012000E00020B842B3D04F
:105F90000020BCE710B50248FDF7C2FF10BD0000AD
:105FA000F403002010B50248FDF7BAFF10BD000051
:105FB0008804002000BFFEE70FB4054B10B503A90D
:105FC000044A029800F036F810BC5DF814FB00009B
:105FD000E56400084400002002480068C0F3022085
:105FE000704700000CED00E010B5002804DB0A0744
:105FF000130E054A135406E00A07140E034A00F074
:106000000F031B1FD45410BD00E400E018ED00E0A6
:10601000EFF30580704702E008C8121F08C1002A8C
:10602000FAD170477047002001E001C1121F002A19
:10603000FBD170472DE9FF4F8DB00F460546002676
:1060400006E025280BD0DDE90F1290476D1C761C69
:1060500028780028F5D111B03046BDE8F08F002433
:10606000A246A1460122EC4900E0044315F8013F95
:10607000203B02FA03F00842F7D128782A2810D0F2
:106080006FF02F022878A0F13001092914D80AEB0B
:106090008A0102EB410144F0020400EB010A6D1C8D
:1060A000F0E701CF5FEA000A03D544F40054CAF1D7
:1060B000000A44F002046D1C28782E2817D115F828
:1060C000010F44F004042A280ED06FF02F02287824
:1060D000A0F1300109290AD809EB890102EB41013D
:1060E00000EB01096D1CF2E757F8049B6D1C287842
:1060F0006C280FD006DC4C2817D068280DD06A28F1
:1061000014D104E0742810D07A280FD10DE044F4A3
:1061100000140AE044F4801401E044F44014697867
:10612000814202D104F580146D1C6D1C2A786E2A00
:106130001FD00CDC632A31D004DC002A8BD0582A13
:1061400011D1A3E0642A68D0692A0CD165E0732AD2
:106150002ED004DC6F2A73D0702A04D19BE0752AFC
:106160006FD0782A6ED01046DDE90F129047761C6A
:1061700050E1C4F30250022806D0032809D00428B5
:1061800001CF09D0066045E101CFF117C0E90061F8
:1061900040E101CF06803DE106703BE117F8040BBA
:1061A0008DF8000000208DF80100EB46012003E08F
:1061B00057F804BB4FF0FF3061074FF0000102D4E5
:1061C0000DE008F10101884649450FDA8045F8DB0A
:1061D0001BF808100029F4D108E008F101018846F5
:1061E0008142FADB1BF808100029F6D1DDE90F2304
:1061F000AAEB08008146214600F036F9304400EB56
:10620000080604E0DDE90F121BF8010B9047B8F116
:106210000108F7D221464846F7E00A21C4F30253A9
:106220004FF0000B0891022B04D001CFC117032BB4
:1062300009D00AE0FF1D27F00707F7E8020108E090
:1062400032E01FE020E000B2C117042B01D140B2C0
:10625000C117031E71F1000307DA4FF0000CD0EBF9
:106260000C006CEB01012D2302E0230504D52B2348
:106270008DF82430012303E0E30701D02023F7E762
:10628000984658E00A2110E010210EE010204FF04F
:10629000000B08900CE010214FF0000B44F00404B8
:1062A0004FF00809089103E008214FF0000B089116
:1062B000C4F30253022B04D001CF0021032B06D0DC
:1062C00006E0FF1D27F00707F7E8020103E080B2B0
:1062D000042B00D1C0B24FF0000823072BD5702A41
:1062E00007D0DDF820C08CF0100C5CEA0B0C05D058
:1062F0000EE040238DF82430012308E050EA01032A
:1063000006D030238DF824308DF8252002239846BE
:10631000DDF820C08CF0080C5CEA0B0C0BD150EAC5
:10632000010301D1630706D530238DF824304FF0E7
:106330000108A9F10109582A04D038A20B9208AA31
:106340000A920BE03AA2F9E75B46089AF9F7C0FF18
:106350000B9B9B5C0A9A521E0A92137050EA010230
:10636000F2D10A98ADEB000000F1200B600702D5D6
:1063700024F4803401E04FF00109D94502DDA9EB96
:106380000B0000E0002000EB0B0141440890AAEB59
:10639000010AE00306D4DDE90F232146504600F050
:1063A00063F806444FF0000908E009A911F8090054
:1063B000DDE90F12904709F10109761CC145F4DBB4
:1063C000E0030CD5DDE90F232146504600F04CF8E0
:1063D000064404E0DDE90F1230209047761C08994E
:1063E000481E08900029F5DC08E00A980A99007810
:1063F000491C0A91DDE90F129047761CBBF10001A0
:10640000ABF1010BF1DC21465046DDE90F2300F032
:1064100019F806446D1C1BE609280100303132339F
:1064200034353637383961626364656600000000D0
:1064300030313233343536373839414243444546BA
:10644000000000002DE9F041044600251E461746D5
:10645000880404D405E039462020B0476D1C641E32
:10646000F9D52846BDE8F0812DE9F0410446002524
:106470001E469046C80301D5302700E02027880437
:1064800004D505E041463846B0476D1C641EF9D579
:106490002846BDE8F08100007720054908600549DD
:1064A00008600549086005490860054908607047AB
:1064B0002400002014000020180000201C000020F0
:1064C0002000002030B50246FF23002004E0145CC9
:1064D0005C40034D2B5D401C8842F8D3184630BD0C
:1064E000088D000800BF054A126802F08002002AE9
:1064F000F9D0C2B2014B0C331A6070471C44004003
:1065000010B5002821D0114B0022001F196803E0AC
:10651000814203D80A4649680029F9D152B113686B
:10652000841A9C4204D1006818441060104602E0AE
:10653000506000E0186039B102680B1A934203D131
:106540000B681A4402604968416010BDD800002001
:10655000FBF75AFEFEF775FDFEF74AFAFEF7AAF9B9
:10656000FEF798F9FEF7E6F9FEF70AFAFEF78AFA5F
:10657000FEF7E0FAFEF762FBFEF796FBFEF710F976
:10658000FEF7B0FAFEF7D8FB002240210748FBF7E0
:10659000CDFC0748FCF79EFFFAF7B0F800F050F882
:1065A000FEF7FEF900F062F800BFFEE700040048C5
:1065B00040030020F0B50B30154D20F007010024FA
:1065C000144A0FE003688B420BD38B4205D95E1A45
:1065D00043184768C3E9006700E04368136002C0DE
:1065E00004E0021D10680028ECD12046002802D1EA
:1065F000286808B10020F0BD064A07481060074A25
:10660000121A22F00702C0E9002401202860D7E70F
:10661000DC000020D8000020C41F0020C021002082
:1066200070B50546FFF7F4FC10B16FF0050404E007
:10663000002415B1284601F0EFF8204670BD000097
:1066400010B5FFF7E5FC10B16FF0050409E006484E
:10665000006820B9012004490860002401E04FF0DF
:10666000FF34204610BD0000A800002070B5FFF7E1
:10667000CFFC10B16FF005041FE01148006801283D
:1066800019D100BF801F0021002804DB0A07130E68
:106690000C4A135406E00A07150E0B4A00F00F03CC
:1066A0001B1FD55400BF00BF02200549086001F040
:1066B00097F9002401E04FF0FF34204670BD000040
:1066C000A800002000E400E018ED00E02DE9F84308
:1066D00005460F4614464FF00008FFF799FC0028C6
:1066E00057D1002D55D0AF4253D8461E64B1A06893
:1066F00020B1E068502801D3012606E0A06820B947
:10670000E06810B9002600E00026701C002840D088
:10671000012D23D1012E09D1032000900022114622
:106720000120A36801F063FB804605E003220021FD
:10673000012001F02FFB8046B8F1000F1CD0DFB123
:1067400000231A461946404601F00EFC012813D0DA
:10675000404601F009F84FF000080DE0012E06D187
:1067600039462846A26801F0E3FA804604E039463B
:10677000284601F0AFFA8046B8F1000F09D014B1F5
:10678000D4F8009001E04FF000094946404600F07F
:10679000D5FF4046BDE8F883F8B5044625460026F7
:1067A0000DB9361F22E0FFF733FCA8B1002000909E
:1067B0006946284601F02AFD012802D06FF0020642
:1067C00014E0009890B14FF0805009490860BFF381
:1067D0004F8FBFF36F8F09E000231A4619462846F2
:1067E00001F0C2FB012801D06FF002063046F8BD6F
:1067F00004ED00E02DE9FF4780468946144600205D
:106800000390FFF705FC00284ED1B8F1000F4BD0E4
:10681000802618258246471E44B3206808B1D4F864
:1068200000A0A06900B1A5692DB1382D03D8207949
:1068300000F0010018B1002004B0BDE8F0876069E5
:1068400008B160698608A06840B1E0685C2805D39B
:10685000206918B1606908B1012708E0A06830B963
:10686000E06820B9206910B9002700E00027012F57
:106870000CD12169A0684B463246CDE90051029007
:106880005146404601F03AFF03900DE067B903A876
:10689000B2B24B465146CDE90050404601F0FCFEF5
:1068A000012801D0002003900398C5E72DE9F041AD
:1068B00005460E461648076816480068001D00F099
:1068C000F0FD681C38B936B112480168091D12483C
:1068D00000F03EFE1AE07C190E4800684460BC429D
:1068E00007D20C480168091D0C48006800F016FE2C
:1068F0000CE008480168091D0948006800F00EFE18
:1069000008480068844201D206480460BDE8F0816E
:106910006C00002058000020D80B002060000020F0
:106920005C0000208800002010B5044600F01CFE2A
:1069300024480068401C234908602348006840B987
:10694000214804600846006801280DD100F006FACD
:106950000AE01E48006838B91B480068C06AE16A4E
:10696000884201D81848046019480068401C18493A
:1069700008600846006860641649E06A0968884251
:1069800002D91449E06A0860E16A01EB8101124A08
:1069900002EB8100211D00F0DBFD00F00FFE0B4833
:1069A000006868B108480068C06AE16A884207D296
:1069B0004FF0805009490860BFF34F8FBFF36F8FCE
:1069C00010BD000068000020580000207400002066
:1069D00084000020700000202807002004ED00E063
:1069E00008B500F0C1FD12480068E8B9114800F090
:1069F00085FD114800F082FD0E48104908600E48E0
:106A00000F49086000200F4B0F4A102100900A2008
:106A100001F0EDF9064908600846006820B10BA1B5
:106A20000348006800F08AFE00F0C8FD08BD0000C1
:106A30009C000020EC0B0020000C002094000020A3
:106A400098000020140C0020640C0020546D72513A
:106A50000000000010B516E000F086FD0C48C0688C
:106A6000C468201D00F01DFD0A480068401E094949
:106A7000086009480068401E0749086000F09EFD54
:106A8000204600F05FF8044800680028E4D110BDFB
:106A9000C40B0020680000206400002070B504468C
:106AA0000D46206C70B1216CE0680144E160D4E9CE
:106AB0000210884201D32168E1602846226CE16817
:106AC000F9F737FC70BD2DE9F04104460F46154635
:106AD0004FF00008A66B206C48B9206800282CD124
:106AE000A06801F021FF80460020A06025E07DB96C
:106AF0003946226C6068F9F71CFC216C6068084418
:106B00006060D4E90101884217D32068606014E016
:106B10003946226CE068F9F70CFC216CE068411AF8
:106B2000E1602168E068884203D2216CA068411AC4
:106B3000E160022D01D106B1761E701CA0634046B3
:106B4000BDE8F08110B5044694F8590030B9206BC7
:106B500000F052FD204600F04FFD1AE094F8590075
:106B6000012803D1204600F047FD12E094F85900B7
:106B7000022801D1012000E0002050B900BF5020C0
:106B800080F31188BFF34F8FBFF36F8F00BF00BF3B
:106B9000FEE710BD01464A6A22B10A6B1268C2F1D3
:106BA000380000E0002070470146084A1268126869
:106BB0000AB9012200E000220A600A6822B9034AE9
:106BC0001268D268106800E000207047940000202E
:106BD00030B54FF44063174800F007042CB1C01DD6
:106BE00020F00700134C041B1B1B0246124C2260B2
:106BF0000024114D6C60D018083820F007000F4CAD
:106C0000206000240D4D2D686C600C4D2D682C60AB
:106C10001146441A4C60094C24680C60084D4C68BD
:106C20002C60084D4C682C604FF00044064D2C60E1
:106C300030BD0000BC130020AC000020B4000020D8
:106C4000BC000020B8000020C800002000BFFFF7F3
:106C500001FF064800680128F9D94FF08050044927
:106C60000860BFF34F8FBFF36F8FF0E72807002056
:106C700004ED00E02DE9F04106460D461746984622
:106C8000069C0DB9246000E02760E66325640121BD
:106C9000204601F01DF984F84C80BDE8F0812DE913
:106CA000F05F82460E4690469B460A9F0C9C4FEA38
:106CB0008801A522206BF9F74EFBA8F10100216B9A
:106CC00001EB800929F0070909F0070008B9012044
:106CD00000E0002050B900BF502080F31188BFF3BE
:106CE0004F8FBFF36F8F00BF00BFFEE786B1002557
:106CF00007E0715D04F134004155705D00B902E0B8
:106D00006D1C102DF5D300BF00214320015502E07A
:106D1000002084F83400382F00D33727E762E76477
:106D200000202065201D00F0F6FB04F1180000F0A3
:106D3000F2FB2461C7F13800A06164620020606545
:106D400084F858005A465146484600F081FB2060BE
:106D50000B9808B10B980460BDE8F09F10B50024B3
:106D600007E004EB84010F4A02EB810000F0C6FB50
:106D7000641C382CF5D30C4800F0C0FB0B4800F025
:106D8000BDFB0B4800F0BAFB0A4800F0B7FB0A480D
:106D900000F0B4FB04480949086004480849086049
:106DA00010BD000028070020880B00209C0B00204D
:106DB000B00B0020C40B0020D80B00205C0000208A
:106DC0006000002010B50146164800E00068036826
:106DD0008B42FBD30246436813448B4204D1436881
:106DE0004C682344436001460A464B6813440468D8
:106DF000A34211D10C4C03682468A34208D04B680D
:106E00000468646823444B6003681B680B6005E0FA
:106E1000054B1B680B6001E003680B60884200D0E3
:106E2000016010BDAC000020B40000202DE9F0414D
:106E300004460D4616461F464FF000086560246163
:106E4000B5420CD8F01BA169884202D34FF001086B
:106E500011E0211D0948006800F060FB0BE0BE4214
:106E600004D2BD4202D34FF0010804E0211D0448C2
:106E7000006800F053FB4046BDE8F0819800002018
:106E80009400002070B5054600F06EFBA86B08B9B1
:106E9000012400E0002400F091FB204670BD70B595
:106EA000054600F061FBA86BE96B884201D1012423
:106EB00000E0002400F082FB204670BDF8B50546D6
:106EC0000F461A480068C068C468201D00F0E9FA3F
:106ED00094F8280000F00400E8B1A06941192B469D
:106EE0003A462046FFF7A2FFD8B1002003462A46C3
:106EF00001460090204601F0C5FE064656B900BF87
:106F0000502080F31188BFF34F8FBFF36F8F00BF06
:106F100000BFFEE705E094F8280020F0010084F8A7
:106F200028002046216A8847F8BD00009400002010
:106F3000F0B587B0A0E00398002811DA04AE56B986
:106F400000BF502080F31188BFF34F8FBFF36F8FC6
:106F500000BF00BFFEE7D6E90020B168904700BF40
:106F600003980028E6DB059C606908B9012000E071
:106F7000002010B9201D00F094FA02A800F0DEF8FD
:106F8000054603980A2875D2DFE800F0090507399D
:106F9000416306083A4200BF00BF00BF00BF94F83B
:106FA000280040F0010084F828000498A2698118A4
:106FB00003462A462046FFF739FFF8B12046216AEA
:106FC000884794F8280000F00400B8B10020009031
:106FD0000498A169421800231946204601F052FE88
:106FE000074657B900BF502080F31188BFF34F8F79
:106FF000BFF36F8F00BF00BFFEE700BF3BE000BFE5
:1070000094F8280020F0010084F8280033E000BF45
:1070100094F8280040F0010084F828000498A0614A
:10702000A06908B1012000E0002050B900BF502045
:1070300080F31188BFF34F8FBFF36F8F00BF00BF86
:10704000FEE7A06941192B462A462046FFF7EEFECF
:1070500011E094F8280000F0020018B9204600F072
:10706000CBFA05E094F8280020F0010084F828000D
:1070700001E0FFE700BF00BF002203A90448006849
:1070800001F034F900287FF456AF07B0F0BD0000DE
:107090009C000020F8B505460C4600F0FDFC684653
:1070A00000F04CF80646009820BB44B9B54206D81B
:1070B00001F02AFD31462846FFF700FF1CE03CB1F5
:1070C0000E480068006808B9012000E0002004466E
:1070D000A91B22460A48006800F078FB01F014FD65
:1070E00050B94FF0805007490860BFF34F8FBFF38E
:1070F0006F8F01E001F008FDF8BD0000980000204E
:107100009C00002004ED00E00A490968096809B9FB
:10711000012100E0002121B14FF0FF31064A11604A
:1071200006E004490968C968C868034A41681160F3
:10713000704700005C0000208800002070B5044605
:1071400001F04AFB054607480068854204D200F07A
:107150000BF80120206001E000202060014805605C
:10716000284670BDA40000202DE9F84334E02548EE
:107170000068C068056823480068C068C468201DAE
:1071800000F08FF92046216A884794F8280000F023
:10719000040008B3A0694619AE4207D966602461AD
:1071A000211D1848006800F0B9F915E000200346D9
:1071B0002A4601460090204601F064FD074657B973
:1071C00000BF502080F31188BFF34F8FBFF36F8F44
:1071D00000BF00BFFEE700BF0A480068006808B9AA
:1071E000012000E000200028C1D00648D0F800802F
:1071F00005480068034908600348C0F80080BDE8FE
:10720000F883000094000020980000200E480068D9
:10721000401C08B9012000E0002050B900BF5020F8
:1072200080F31188BFF34F8FBFF36F8F00BF00BF94
:10723000FEE700BF502080F31188BFF34F8FBFF3EC
:107240006F8F00BF00BFFEE7CC00002008B500BF75
:107250006846FFF7A9FC044620460099FFF71AFF8D
:10726000FFF766FEF4E770B5044600F07DF994F987
:10727000455010E0606A08B9012000E0002038B9EC
:1072800004F1240001F0F4FB18B100F0FFFA00E073
:1072900003E0681E45B2002DECDC00BFFF2084F83F
:1072A000450000F08BF900F05FF994F9445010E0CC
:1072B000206908B9012000E0002048B904F110005D
:1072C00001F0D6FB08B100F0E1FA681E45B200E01B
:1072D00001E0002DECDC00BFFF2084F8440000F04A
:1072E0006DF970BD2DE9F04104464FF0000800F043
:1072F000D3FB4948006808B9FFF76AFC47480068B3
:107300002040002870D1D4B1083404F00700B0B197
:1073100004F00700C0F10800044404F0070008B9B5
:10732000012000E0002050B900BF502080F31188F8
:10733000BFF34F8FBFF36F8F00BF00BFFEE7002C7E
:1073400052D03748006884424ED8364E30460568E1
:1073500001E02E462D686868A04202D22868002805
:10736000F7D12D48006885423ED0306800F108080A
:10737000286830606868001B102819D92F1907F099
:10738000070008B9012000E0002050B900BF5020DC
:1073900080F31188BFF34F8FBFF36F8F00BF00BF23
:1073A000FEE76868001B78606C603846FFF70AFDEE
:1073B0001B4968680968081A194908600846006886
:1073C00019490968884203D21548006816490860BF
:1073D00012496868096808436860002028601348FB
:1073E0000068401C1149086001F08EFB08F007009E
:1073F00008B9012000E0002050B900BF502080F300
:107400001188BFF34F8FBFF36F8F00BF00BFFEE740
:107410004046BDE8F0810000B4000020C800002014
:10742000B8000020AC000020BC000020C0000020FC
:107430000648006830B10549096801F15000096D3E
:10744000491C016001480068704700005800002096
:10745000001F4FF080730360001F21F001030360E1
:10746000001F054B036014380260001F6FF0020319
:1074700003602038704700000D7200087CB5054697
:107480000C464AF60320ADF8000045EA0420ADF8AA
:107490000200BB20ADF8040006216846FDF7CEFCD3
:1074A0007CBD01460A69D1E901309860D1E9010348
:1074B00058605068884201D1886850600020086197
:1074C0001068401E1060106870470000034B036096
:1074D000034B0B608023136070470000040D0020F5
:1074E000600D0020034B0360034B0B604FF480736F
:1074F00013607047600F0020BC0F002000F10801EE
:1075000041604FF0FF31816000F10801C16001610D
:1075100000210160704700210161704710B50246EB
:107520000B685C1C0CB9106907E002F1080000E070
:107530004068446824689C42FAD944684C604C68AE
:10754000A160886041600A611468641C146010BD09
:1075500042684A6093688B609368596091600861E3
:1075600003685B1C0360704700BF502080F31188E4
:10757000BFF34F8FBFF36F8F00BF0E480068401CF2
:107580000C49086008460068012812D10A480068C2
:10759000C0B208B9012000E0002050B900BF50205F
:1075A00080F31188BFF34F8FBFF36F8F00BF00BF11
:1075B000FEE77047CC00002004ED00E00D480068B5
:1075C00050B900BF502080F31188BFF34F8FBFF335
:1075D0006F8F00BF00BFFEE706480068401E0549E8
:1075E00008600846006820B9002080F3118800BFB9
:1075F00000BF7047CC00002070B506463546002E0F
:1076000044D0083D2C46224960680968084008B10A
:10761000012000E0002050B900BF502080F3118805
:10762000BFF34F8FBFF36F8F00BF00BFFEE720682F
:1076300008B9012000E0002050B900BF502080F3BD
:107640001188BFF34F8FBFF36F8F00BF00BFFEE7FE
:107650000F49606809680840C0B12068B0B90C499A
:10766000606809688843606000F016FA094960683C
:1076700009680844074908602046FFF7A3FB06484D
:107680000068401C0449086001F03EFA70BD00002B
:10769000C8000020B8000020C400002000204FF0E7
:1076A000E02108618861064800684FF47A71B0FBF8
:1076B000F1F0401E4FF0E02148610720086170475B
:1076C0005400002070B5F8F7EDFD0446102C16D3D9
:1076D00004F1E02090F8F05315480078854201DB72
:1076E000012000E0002050B900BF502080F3118835
:1076F000BFF34F8FBFF36F8F00BF00BFFEE70D4892
:10770000006800F4E0600C490968884201D8012053
:1077100000E0002050B900BF502080F31188BFF373
:107720004F8FBFF36F8F00BF00BFFEE770BD00003B
:10773000D00000200CED00E0D40000200246002024
:107740000BE0084B53F8303033B9064B43F8301098
:1077500003EBC0035A6002E0401C0828F1D300BFCD
:1077600070470000E806002070B50446254655B96C
:1077700000BF502080F31188BFF34F8FBFF36F8F8E
:1077800000BF00BFFEE7284600F008F895F8460065
:1077900010B92846FFF730FF70BD000001460020F9
:1077A0000EE0094A02EBC00252688A4207D1002269
:1077B000054B43F8302003EBC0035A6002E0401C45
:1077C0000828EED300BF7047E80600202DE9F041FD
:1077D00005460E4617462C46FFF7C6FE94F94400B0
:1077E000401C10B9002084F8440094F94500401C66
:1077F00010B9002084F84500FFF7E0FEA06B28B91F
:107800003A46314604F1240000F062F82046FFF7C2
:107810002AFDBDE8F081000070B504460025D4B112
:107820001248006808B9012000E0002050B900BFEC
:10783000502080F31188BFF34F8FBFF36F8F00BFCD
:1078400000BFFEE700F028F900212046FFF72EF8E0
:1078500001F05AF905463DB94FF0805004490860DF
:10786000BFF34F8FBFF36F8F70BD000090000020FB
:1078700004ED00E0034909680160034909684160BB
:1078800070470000800000206C00002001200149AA
:10789000086070477C00002070B504460D4654B95E
:1078A00000BF502080F31188BFF34F8FBFF36F8F5D
:1078B00000BF00BFFEE70548016818312046FFF70A
:1078C0002DFE01212846FEF7F1FF70BD5800002073
:1078D00070B505460E46144655B900BF502080F3DA
:1078E0001188BFF34F8FBFF36F8F00BF00BFFEE75C
:1078F0000648016818312846FFF72AFE0CB14FF000
:10790000FF3621463046FEF7D1FF70BD58000020FB
:107910002DE9F04706460F4634464FF00109002E88
:1079200055D0206D50B900BF502080F31188BFF3AF
:107930004F8FBFF36F8F00BF00BFFEE7E06CB84210
:1079400001D23D4600E0E56CE06AA8423FD0206DE0
:1079500001283CD11F480068844201D0012000E08A
:10796000002050B900BF502080F31188BFF34F8F23
:10797000BFF36F8F00BF00BFFEE7D4F82C80E56235
:10798000A06900F0004010B9C5F13800A06108EB13
:107990008801114A02EB81016069884201D101200E
:1079A00000E0002098B1201DFFF77BFD0B49E06A45
:1079B0000968884202D90949E06A0860E16A01EB76
:1079C0008101054A02EB8100211DFFF7C1FDBDE8E1
:1079D000F0870000580000202807002070000020D9
:1079E00010B586B000200590049003AA04A905A84C
:1079F000FFF76CFD0022DDE904101346CDE90021FC
:107A000002901EA11F48039A00F078FE1E490860EC
:107A10000846006808B1012400E00024012C02D1CE
:107A200001F0F4F80446012C15D100BF502080F37A
:107A30001188BFF34F8FBFF36F8F00BF4FF0FF3040
:107A400012490860012012490860002011490860AD
:107A500000F072F810E0601C08B1012000E0002086
:107A600050B900BF502080F31188BFF34F8FBFF390
:107A70006F8F00BF00BFFEE706B010BD49444C4504
:107A8000000000004D6C00088C00002088000020E1
:107A9000740000206C00002002480068401C01496E
:107AA00008607047900000201E48006818B101204F
:107AB0001D49086034E000201B4908601B4801682C
:107AC0000CE051B900BF502080F31188BFF34F8FF5
:107AD000BFF36F8F00BF00BFFEE7491E01EB8100BF
:107AE000134A52F8200008B9012000E000200028C5
:107AF000E7D101EB81020E4B03EB82004268526832
:107B0000426000F108024368934202D14268526821
:107B100042604268D268074B1A600448016000BFA7
:107B200070470000900000207C00002070000020C2
:107B300028070020580000201CB552480068524910
:107B4000884201D0012000E0002050B900BF502041
:107B500080F31188BFF34F8FBFF36F8F00BF00BF5B
:107B6000FEE7484800684849491E884201D0012084
:107B700000E0002050B900BF502080F31188BFF30F
:107B80004F8FBFF36F8F00BF00BFFEE73F4908462E
:107B900000780190FF200A46107008460078009097
:107BA0009DF8000000F0F0009DF80020904201D107
:107BB000012000E0002050B900BF502080F3118860
:107BC000BFF34F8FBFF36F8F00BF00BFFEE79DF87D
:107BD000000000F050002E4A107007202D4A10605F
:107BE00009E02C480068401E2A4A10609DF80000F9
:107BF0004006000E00909DF8000000F080008028F4
:107C0000EFD024480068C0F10700042801D101200A
:107C100000E0002050B900BF502080F31188BFF36E
:107C20004F8FBFF36F8F00BF00BFFEE7194800689A
:107C30000002184A10601046008800F4E0601060EE
:107C4000124A019810700F482030006840F470000C
:107C50000C49203108600846006840F07040086018
:107C6000FFF71CFD00200C490860F8F7E3FA0B4809
:107C7000006840F0404009490860F8F7C7FA002062
:107C80001CBD000000ED00E071C20F4100E400E007
:107C9000D0000020D4000020CC00002034EF00E011
:107CA00010B500BF502080F31188BFF34F8FBFF392
:107CB0006F8F00BF00F096FD18B14FF0805004495F
:107CC000086000BF002080F3118800BF10BD0000D5
:107CD00004ED00E070B505460E460DB1012000E050
:107CE000002050B900BF502080F31188BFF34F8FA0
:107CF000BFF36F8F00BF00BFFEE7AE4201D8012087
:107D000000E0002050B900BF502080F31188BFF37D
:107D10004F8FBFF36F8F00BF00BFFEE7022200212D
:107D2000284600F037F8044604B1A663204670BD2B
:107D3000F8B505460E4617460DB1012000E00020BB
:107D400050B900BF502080F31188BFF34F8FBFF3AD
:107D50006F8F00BF00BFFEE7AE4201D8012000E0F8
:107D6000002050B900BF502080F31188BFF34F8F1F
:107D7000BFF36F8F00BF00BFFEE702203B4600222B
:107D800011460090284600F032F8044604B1A6637C
:107D90002046F8BD2DE9F84305460E4617460DB1BD
:107DA000012000E0002050B900BF502080F311886E
:107DB000BFF34F8FBFF36F8F00BF00BFFEE705FB20
:107DC00006F808F15000FFF78DFA044664B1A146A9
:107DD00009F15009002084F846003B464A463146E6
:107DE00028460094FEF746FF2046BDE8F8832DE9BB
:107DF000F84380460E4617461D46DDF82090B8F140
:107E0000000F01D0012000E0002050B900BF502039
:107E100080F31188BFF34F8FBFF36F8F00BF00BF98
:107E2000FEE70DB1012000E0002050B900BF502056
:107E300080F31188BFF34F8FBFF36F8F00BF00BF78
:107E4000FEE707B10EB1012000E0002050B900BFED
:107E5000502080F31188BFF34F8FBFF36F8F00BFA7
:107E600000BFFEE707B90EB9012000E0002050B9BD
:107E700000BF502080F31188BFF34F8FBFF36F8F87
:107E800000BF00BFFEE7502000900098502801D1AD
:107E9000012000E0002050B900BF502080F311887D
:107EA000BFF34F8FBFF36F8F00BF00BFFEE700BF70
:107EB0002C464CB1012084F846004B463A463146E8
:107EC00040460094FEF7D6FE2046BDE8F883000049
:107ED00070B505460E462C4654B900BF502080F3BD
:107EE0001188BFF34F8FBFF36F8F00BF00BFFEE756
:107EF000FFF73AFBD4E90F12206801FB0200A060F3
:107F00000020A06320686060E06B401E226C216846
:107F100000FB0211E160FF2084F8440084F8450072
:107F20009EB9206908B9012000E00020A8B904F139
:107F3000100000F09DFD80B14FF0805009490860AD
:107F4000BFF34F8FBFF36F8F07E004F11000FFF70F
:107F5000D5FA04F12400FFF7D1FAFFF72FFB012037
:107F600070BD000004ED00E02DE9FF4383B006463C
:107F700088461D464FF00009344654B900BF5020D2
:107F800080F31188BFF34F8FBFF36F8F00BF00BF27
:107F9000FEE7B8F1000F01D1206C08B9012000E024
:107FA000002050B900BF502080F31188BFF34F8FDD
:107FB000BFF36F8F00BF00BFFEE7022D02D1E06B61
:107FC000012801D1012000E0002050B900BF50205D
:107FD00080F31188BFF34F8FBFF36F8F00BF00BFD7
:107FE000FEE700F0E9FB08B9059808B9012000E0B8
:107FF000002050B900BF502080F31188BFF34F8F8D
:10800000BFF36F8F00BF00BFFEE700BFFFF7ACFA02
:10801000A06BE16B884201D3022D28D12A4641464C
:108020002046FEF750FD0746606A08B9012000E0CF
:10803000002068B904F1240000F01AFD88B14FF067
:10804000805032490860BFF34F8FBFF36F8F08E055
:108050003FB14FF080502D490860BFF34F8FBFF301
:108060006F8FFFF7ABFA012007B0BDE8F0830598EA
:1080700018B9FFF7A3FA0020F6E7B9F1000F04D111
:1080800001A8FFF7F7FB4FF00109FFF797FAFFF799
:1080900003FDFFF769FA94F94400401C10B9002071
:1080A00084F8440094F94500401C10B9002084F87D
:1080B0004500FFF783FA05A901A800F0A7FAF0B977
:1080C0002046FEF7ECFEA0B104F110000599FFF781
:1080D000E3FB2046FFF7C7F800F016FD002895D116
:1080E0004FF0805009490860BFF34F8FBFF36F8F87
:1080F0008CE72046FFF7B7F800F006FD86E720463C
:10810000FFF7B1F800F000FD0020ADE704ED00E05E
:108110002DE9F84F07468A4690461E463C4654B91C
:1081200000BF502080F31188BFF34F8FBFF36F8FD4
:1081300000BF00BFFEE7BAF1000F01D1206C08B903
:10814000012000E0002050B900BF502080F31188CA
:10815000BFF34F8FBFF36F8F00BF00BFFEE7022E4C
:1081600002D1E06B012801D1012000E0002050B9CC
:1081700000BF502080F31188BFF34F8FBFF36F8F84
:1081800000BF00BFFEE7FFF79DFA00BF5021EFF3ED
:10819000118081F31188BFF34F8FBFF36F8F00BF42
:1081A0000546A06BE16B884201D3022E25D194F9DC
:1081B00045B0A06B0090324651462046FEF783FC46
:1081C0000BF1010088B9606A08B9012000E00020C5
:1081D00050B904F1240000F04BFC28B1B8F1000FB5
:1081E00002D00120C8F8000004E00BF1010040B209
:1081F00084F845004FF0010901E04FF0000900BF8D
:1082000085F3118800BF4846BDE8F88F2DE9F04797
:1082100006460F46344654B900BF502080F31188FB
:10822000BFF34F8FBFF36F8F00BF00BFFEE7206C1F
:1082300008B9012000E0002050B900BF502080F3B1
:108240001188BFF34F8FBFF36F8F00BF00BFFEE7F2
:10825000206808B9A06808B9012000E0002050B9E2
:1082600000BF502080F31188BFF34F8FBFF36F8F93
:1082700000BF00BFFEE7FFF725FA00BF5021EFF374
:10828000118081F31188BFF34F8FBFF36F8F00BF51
:108290000546D4F83890E06B48451ED994F945A0BE
:1082A00009F10100A0630AF1010070B9606A08B920
:1082B000012000E0002068B904F1240000F0D8FBA0
:1082C00040B13FB10120386004E00AF1010040B242
:1082D00084F845004FF0010801E04FF0000800BFAE
:1082E00085F3118800BF4046BDE8F0872DE9F741CE
:1082F00083B005460E464FF000082C4654B900BF27
:10830000502080F31188BFF34F8FBFF36F8F00BFF2
:1083100000BFFEE70EB9206C08B9012000E0002084
:1083200050B900BF502080F31188BFF34F8FBFF3C7
:108330006F8F00BF00BFFEE700F03EFA08B9059856
:1083400008B9012000E0002050B900BF502080F3A0
:108350001188BFF34F8FBFF36F8F00BF00BFFEE7E1
:1083600000BFFFF701F9A76BF7B131462046FEF7D2
:1083700095FB781EA063206908B9012000E0002069
:1083800060B904F1100000F073FB38B14FF0805079
:108390002F490860BFF34F8FBFF36F8FFFF70EF9C0
:1083A000012006B0BDE8F081059818B9FFF706F97D
:1083B0000020F6E7B8F1000F04D101A8FFF75AFA40
:1083C0004FF00108FFF7FAF8FFF766FBFFF7CCF86C
:1083D00094F94400401C10B9002084F8440094F93A
:1083E0004500401C10B9002084F84500FFF7E6F86E
:1083F00005A901A800F00AF9F0B92046FEF742FDF0
:10840000A0B104F124000599FFF746FA2046FEF7D3
:108410002AFF00F079FB0028A3D14FF080500C49CF
:108420000860BFF34F8FBFF36F8F9AE72046FEF7C8
:108430001AFF00F069FB94E72046FEF714FF00F0F6
:1084400063FB2046FEF71EFD00288AD00020A8E727
:1084500004ED00E02DE9F34182B005464FF000083D
:108460002C46002654B900BF502080F31188BFF37A
:108470004F8FBFF36F8F00BF00BFFEE7206C08B9BE
:10848000012000E0002050B900BF502080F3118887
:10849000BFF34F8FBFF36F8F00BF00BFFEE700F049
:1084A0008BF908B9039808B9012000E0002050B901
:1084B00000BF502080F31188BFF34F8FBFF36F8F41
:1084C00000BF00BFFEE700BFFFF74EF8A76BFFB18C
:1084D000781EA063206810B9FEF7AAFFA06020698B
:1084E00008B9012000E0002060B904F1100000F09C
:1084F000BFFA38B14FF0805043490860BFF34F8F47
:10850000BFF36F8FFFF75AF8012004B0BDE8F08188
:10851000039898B90EB9012000E0002050B900BFBF
:10852000502080F31188BFF34F8FBFF36F8F00BFD0
:1085300000BFFEE7FFF742F80020E6E7B8F1000FC2
:1085400004D16846FFF796F94FF00108FFF736F8B7
:10855000FFF7A2FAFFF708F894F94400401C10B99D
:10856000002084F8440094F94500401C10B9002014
:1085700084F84500FFF722F803A9684600F046F8A2
:1085800040BB2046FEF77EFCF0B1206838B9FEF70C
:10859000EBFFA06800F01AFA0646FFF70FF804F1A7
:1085A00024000399FFF778F92046FEF75CFE00F0FF
:1085B000ABFA002888D14FF0805013490860BFF310
:1085C0004F8FBFF36F8F7FE72046FEF74CFE00F022
:1085D0009BFA79E72046FEF746FE00F095FA204622
:1085E000FEF750FC0028EED05EB1FEF7BDFF20463E
:1085F000FEF7D0FA07463946A068FFF789F9FEF77B
:10860000DDFF002081E7000004ED00E070B50546C5
:108610000C4655B900BF502080F31188BFF34F8F2F
:10862000BFF36F8F00BF00BFFEE754B900BF5020FB
:1086300080F31188BFF34F8FBFF36F8F00BF00BF70
:10864000FEE7FEF791FF124802686868131A206877
:10865000401C08B9002617E00E49286809688842BE
:1086600004D06868904201D801260DE02068984245
:1086700007D92068C01A20602846FFF7FBF80026BB
:1086800002E0002020600126FEF798FF304670BD12
:108690006C000020800000202DE9FF4F85B080464F
:1086A00089461746DDE912ABB800FEF71BFE064609
:1086B00056B15C20FEF716FE04460CB1266304E0BA
:1086C0003046FEF799FF00E000248CB1002084F8CA
:1086D0005900CDE900ABCDE902403A464946404653
:1086E000089BFEF7DCFA2046FEF71EF9012501E0A3
:1086F0004FF0FF35284609B0BDE8F08F2DE9F04F67
:1087000085B00746884691469A46DDE90EB6109C2C
:108710000EB1012000E0002050B900BF502080F3CE
:108720001188BFF34F8FBFF36F8F00BF00BFFEE70D
:108730000CB1012000E0002050B900BF502080F3B0
:108740001188BFF34F8FBFF36F8F00BF00BFFEE7ED
:108750005C20039003985C2801D1012000E00020F8
:1087600050B900BF502080F31188BFF34F8FBFF383
:108770006F8F00BF00BFFEE700BFB4B1AEB12546AA
:108780002C462E63022085F85900002004A9534688
:108790004A46CDE900B1CDE9025041463846FEF7E0
:1087A0007EFA2846FEF7C0F801E000200490049805
:1087B00005B0BDE8F08F00000549096809B901203E
:1087C00005E00449096809B9022000E0002070476B
:1087D00074000020900000200149086870470000E4
:1087E0006C0000202DE9F0414FF00008434800687C
:1087F00000287BD142480068451C4148056015BBF4
:1088000040480068006808B9012000E0002050B925
:1088100000BF502080F31188BFF34F8FBFF36F8FDD
:1088200000BF00BFFEE73748076837480068354992
:1088300008603548076035480068401C33490860C7
:10884000FEF762FC00BF3248006885423BD300BFA0
:108850002C480068006808B9012000E0002020B121
:108860004FF0FF302A4908602CE026480068C068B5
:10887000C4686668B54202D22548066022E0201D21
:10888000FEF70FFEA06A18B104F11800FEF709FE0A
:108890002049E06A0968884202D91E49E06A0860F6
:1088A000E16A01EB81011C4A02EB8100211DFEF708
:1088B0004FFE1A49E06A0968C96A8842C8D34FF076
:1088C0000108C5E700BF15480068C06A00EB8000DA
:1088D000114951F82000012801D94FF00108104832
:1088E000006808B14FF0010805E0FFE70D48006897
:1088F000401C0C4908604046BDE8F0819000002013
:108900006C0000205C00002060000020800000203F
:108910008800002070000020280700205800002058
:108920007C0000207800002070B505462C4600260B
:10893000002D43D022480068844201D1012000E08C
:10894000002050B900BF502080F31188BFF34F8F33
:10895000BFF36F8F00BF00BFFEE7206D50B900BFAF
:10896000502080F31188BFF34F8FBFF36F8F00BF8C
:1089700000BFFEE7206D401E2065E16CE06A884282
:108980001CD0206DD0B9201DFEF78BFDE06CE0629D
:10899000E06AC0F13800A0610A49E06A09688842CB
:1089A00002D90849E06A0860E16A01EB8101064AE0
:1089B00002EB8100211DFEF7CBFD0126304670BD84
:1089C00058000020700000202807002070B50546E0
:1089D0002C460026002D42D02249E06A0968C96A67
:1089E000884235D2A06900F0004028B91D480068CF
:1089F000C06AC0F13800A061E16A01EB81011A4A46
:108A000002EB81016069884201D1012000E0002071
:108A1000C0B1201DFEF745FD12480068C06AE06243
:108A20001249E06A0968884202D91049E06A086080
:108A3000E16A01EB81010C4A02EB8100211DFEF786
:108A400087FD03E007480068C06AE062012606E08F
:108A50000449E06C0968C96A884200D201263046A0
:108A600070BD000058000020280700207000002082
:108A700070B50646F068C46854B900BF502080F352
:108A80001188BFF34F8FBFF36F8F00BF00BFFEE7AA
:108A900004F11800FEF705FD15480068A0B9201D77
:108AA000FEF7FFFC1349E06A0968884202D91149C0
:108AB000E06A0860E16A01EB81010F4A02EB810084
:108AC000211DFEF745FD04E004F118010B48FEF7F7
:108AD0003FFD0B49E06A0968C96A884204D901254B
:108AE00001200849086000E00025284670BD00000C
:108AF000900000207000002028070020B00B00200C
:108B0000580000207C00002070B500240026364864
:108B1000006850B900BF502080F31188BFF34F8F19
:108B2000BFF36F8F00BF00BFFEE7FEF71DFD2E48AD
:108B30000068401E2C4908600846006800284ED195
:108B40002A48006800284AD023E02948C068C46841
:108B500004F11800FEF7A5FC201DFEF7A2FC254934
:108B6000E06A0968884202D92249E06A0860E16A3D
:108B700001EB8101204A02EB8100211DFEF7E8FC98
:108B80001E49E06A0968C96A884202D301201C496B
:108B900008601748006808B9012000E0002000289C
:108BA000D3D00CB1FEF7B0FA1648056865B100BF26
:108BB000FFF718FE10B10120114908606D1E002D4D
:108BC000F6D100200F4908600D48006838B1012631
:108BD00030070D490860BFF34F8FBFF36F8FFEF76B
:108BE000EDFC304670BD00009000002068000020C1
:108BF000B00B002070000020280700205800002043
:108C00007C0000207800002004ED00E010B586B064
:108C10000024FDF7E5FE16480068D0B1002005905D
:108C2000049003AA04A905A8FEF75CFC0222DDE972
:108C300004100023CDE9002102900EA10F48039AF1
:108C4000FFF75CFD0E4908600846006800B101248A
:108C500000BF54B900BF502080F31188BFF34F8F7D
:108C6000BFF36F8F00BF00BFFEE7204606B010BD08
:108C70009C000020546D7220537663004D720008F2
:108C8000A00000202DE9FF4704460D4616461F466A
:108C9000DDF830804FF0000954B900BF502080F358
:108CA0001188BFF34F8FBFF36F8F00BF00BFFEE788
:108CB0001448006810B3009501960294062D15DA49
:108CC000FFF77AFD022808D10023424669460D4885
:108CD0000068FFF749F9814610E000231A4669460B
:108CE00008480068FFF740F9814607E000233A464C
:108CF000694604480068FFF70BFA8146484604B00D
:108D0000BDE8F0879C00002000070E091C1B12150F
:108D1000383F363124232A2D70777E796C6B62655B
:108D2000484F464154535A5DE0E7EEE9FCFBF2F54B
:108D3000D8DFD6D1C4C3CACD90979E998C8B82853B
:108D4000A8AFA6A1B4B3BABDC7C0C9CEDBDCD5D22B
:108D5000FFF8F1F6E3E4EDEAB7B0B9BEABACA5A21B
:108D60008F88818693949D9A2720292E3B3C35320B
:108D70001F18111603040D0A5750595E4B4C4542FB
:108D80006F68616673747D7A898E878095929B9CEB
:108D9000B1B6BFB8ADAAA3A4F9FEF7F0E5E2EBECDB
:108DA000C1C6CFC8DDDAD3D4696E676075727B7CCB
:108DB00051565F584D4A4344191E171005020B0CBB
:108DC00021262F283D3A33344E49404752555C5BAB
:108DD0007671787F6A6D64633E39303722252C2B9B
:108DE0000601080F1A1D1413AEA9A0A7B2B5BCBB8B
:108DF0009691989F8A8D8483DED9D0D7C2C5CCCB7B
:108E0000E6E1E8EFFAFDF4F3B08E000800000000A0
:108E1000000000000000000000000000000400004E
:108E2000080000000000000000000000A08E000804
:108E30000000000000000000000000000000000032
:108E40000002000010000000000000000000000010
:108E5000A88E0008000000000000000000000000D4
:108E6000010002000400060008000A000C001000C7
:108E70002000400080000001010101030701000003
:108E800008040204080101010000000000000000C5
:108E900001020304060708090000000001020304A0
:108EA000525334383500000052533438355258008C
:108EB0007A687568616E736875000000DC8E000862
:108EC00000000020E000000016600008BC8F0008D1
:108ED000E0000020E0240000266000080000000000
:108EE0000000000000000000000000000000000082
:108EF0000000000000000000000000000000000072
:108F00000000000000000000000000000000000061
:108F10000000000000000000000000000000000051
:108F20000000000000000000100000000100000030
:108F30000024F40000000000000000000000000019
:108F40000000000000000000000000000000000021
:108F50000000000000000000000000000000000011
:108F60000000000000000000000000000000000001
:108F700000000000000000000000000000000000F1
:108F800000000000000000000000000000000000E1
:108F900000000000000000000000000000000000D1
:108FA0000000000000000000AAAAAAAA0000000019
:0C8FB000000000000000000000000000B5
:04000005080001D915
:00000001FF
